{
  "type": "FeatureCollection",
  "generator": "overpass-turbo",
  "copyright": "The data included in this document is from www.openstreetmap.org. The data is made available under ODbL.",
  "timestamp": "2026-07-16T03:50:10Z",
  "features": [
    {
      "type": "Feature",
      "properties": {
        "@id": "node/444473877",
        "bus": "yes",
        "highway": "bus_stop",
        "name": "Paseo de Roma",
        "operator": "Vectalia Mérida",
        "public_transport": "platform",
        "ref": "1001"
      },
      "geometry": {
        "type": "Point",
        "coordinates": [
          -6.3488057,
          38.915827
        ]
      },
      "id": "node/444473877"
    },
    {
      "type": "Feature",
      "properties": {
        "@id": "node/444474108",
        "bus": "yes",
        "highway": "bus_stop",
        "public_transport": "platform"
      },
      "geometry": {
        "type": "Point",
        "coordinates": [
          -6.3590147,
          38.9101362
        ]
      },
      "id": "node/444474108"
    },
    {
      "type": "Feature",
      "properties": {
        "@id": "node/444474150",
        "bus": "yes",
        "highway": "bus_stop",
        "name": "Avda. Cristóbal Colón",
        "operator": "Vectalia Mérida",
        "public_transport": "platform",
        "ref": "1056"
      },
      "geometry": {
        "type": "Point",
        "coordinates": [
          -6.3589039,
          38.9104119
        ]
      },
      "id": "node/444474150"
    },
    {
      "type": "Feature",
      "properties": {
        "@id": "node/444474509",
        "bus": "yes",
        "highway": "bus_stop",
        "public_transport": "platform"
      },
      "geometry": {
        "type": "Point",
        "coordinates": [
          -6.3610918,
          38.9120062
        ]
      },
      "id": "node/444474509"
    },
    {
      "type": "Feature",
      "properties": {
        "@id": "node/444474896",
        "bus": "yes",
        "highway": "bus_stop",
        "name": "Avda. de las Américas 1",
        "operator": "Vectalia Mérida",
        "public_transport": "platform",
        "ref": "1051"
      },
      "geometry": {
        "type": "Point",
        "coordinates": [
          -6.3613467,
          38.9136778
        ]
      },
      "id": "node/444474896"
    },
    {
      "type": "Feature",
      "properties": {
        "@id": "node/444478549",
        "bus": "yes",
        "highway": "bus_stop",
        "name": "Avda. de la Libertad",
        "operator": "Vectalia Mérida",
        "public_transport": "platform",
        "ref": "1046"
      },
      "geometry": {
        "type": "Point",
        "coordinates": [
          -6.357271,
          38.9144727
        ]
      },
      "id": "node/444478549"
    },
    {
      "type": "Feature",
      "properties": {
        "@id": "node/734222651",
        "highway": "bus_stop"
      },
      "geometry": {
        "type": "Point",
        "coordinates": [
          -71.1603265,
          8.5853309
        ]
      },
      "id": "node/734222651"
    },
    {
      "type": "Feature",
      "properties": {
        "@id": "node/874025958",
        "highway": "bus_stop",
        "name": "TROMERCA Montalbán",
        "operator": "TROMERCA",
        "public_transport": "stop_position",
        "trolleybus": "yes"
      },
      "geometry": {
        "type": "Point",
        "coordinates": [
          -71.2298702,
          8.5487095
        ]
      },
      "id": "node/874025958"
    },
    {
      "type": "Feature",
      "properties": {
        "@id": "node/874065234",
        "highway": "bus_stop",
        "name": "TROMERCA Estación San Antonio",
        "operator": "TROMERCA",
        "public_transport": "stop_position",
        "trolleybus": "yes"
      },
      "geometry": {
        "type": "Point",
        "coordinates": [
          -71.1737856,
          8.5754662
        ]
      },
      "id": "node/874065234"
    },
    {
      "type": "Feature",
      "properties": {
        "@id": "node/924883655",
        "highway": "bus_stop"
      },
      "geometry": {
        "type": "Point",
        "coordinates": [
          -71.2717854,
          8.9686449
        ]
      },
      "id": "node/924883655"
    },
    {
      "type": "Feature",
      "properties": {
        "@id": "node/1022778105",
        "bench": "no",
        "highway": "bus_stop",
        "shelter": "no"
      },
      "geometry": {
        "type": "Point",
        "coordinates": [
          -71.0925706,
          8.6124027
        ]
      },
      "id": "node/1022778105"
    },
    {
      "type": "Feature",
      "properties": {
        "@id": "node/1022778171",
        "bench": "yes",
        "highway": "bus_stop",
        "shelter": "yes"
      },
      "geometry": {
        "type": "Point",
        "coordinates": [
          -71.0986481,
          8.6025803
        ]
      },
      "id": "node/1022778171"
    },
    {
      "type": "Feature",
      "properties": {
        "@id": "node/1056780900",
        "highway": "bus_stop"
      },
      "geometry": {
        "type": "Point",
        "coordinates": [
          -71.1709822,
          8.5836624
        ]
      },
      "id": "node/1056780900"
    },
    {
      "type": "Feature",
      "properties": {
        "@id": "node/1056841565",
        "highway": "bus_stop"
      },
      "geometry": {
        "type": "Point",
        "coordinates": [
          -71.1699507,
          8.5844523
        ]
      },
      "id": "node/1056841565"
    },
    {
      "type": "Feature",
      "properties": {
        "@id": "node/1058040458",
        "highway": "bus_stop",
        "name": "Terminal"
      },
      "geometry": {
        "type": "Point",
        "coordinates": [
          -71.1682279,
          8.5859529
        ]
      },
      "id": "node/1058040458"
    },
    {
      "type": "Feature",
      "properties": {
        "@id": "node/1075282207",
        "highway": "bus_stop"
      },
      "geometry": {
        "type": "Point",
        "coordinates": [
          -71.1659508,
          8.587544
        ]
      },
      "id": "node/1075282207"
    },
    {
      "type": "Feature",
      "properties": {
        "@id": "node/1077779168",
        "highway": "bus_stop",
        "local_ref": "Parada Centro/Terminal",
        "name": "Centro La Otra Banda / Humboldt"
      },
      "geometry": {
        "type": "Point",
        "coordinates": [
          -71.1465967,
          8.5969218
        ]
      },
      "id": "node/1077779168"
    },
    {
      "type": "Feature",
      "properties": {
        "@id": "node/1080478935",
        "highway": "bus_stop"
      },
      "geometry": {
        "type": "Point",
        "coordinates": [
          -71.1639749,
          8.5883087
        ]
      },
      "id": "node/1080478935"
    },
    {
      "type": "Feature",
      "properties": {
        "@id": "node/1080478966",
        "bus": "yes",
        "highway": "bus_stop",
        "public_transport": "platform"
      },
      "geometry": {
        "type": "Point",
        "coordinates": [
          -71.1627152,
          8.5887625
        ]
      },
      "id": "node/1080478966"
    },
    {
      "type": "Feature",
      "properties": {
        "@id": "node/1080478980",
        "highway": "bus_stop"
      },
      "geometry": {
        "type": "Point",
        "coordinates": [
          -71.1615618,
          8.589203
        ]
      },
      "id": "node/1080478980"
    },
    {
      "type": "Feature",
      "properties": {
        "@id": "node/1080507569",
        "highway": "bus_stop"
      },
      "geometry": {
        "type": "Point",
        "coordinates": [
          -71.1592339,
          8.5904439
        ]
      },
      "id": "node/1080507569"
    },
    {
      "type": "Feature",
      "properties": {
        "@id": "node/1179711704",
        "highway": "bus_stop",
        "name": "Buses El Valle"
      },
      "geometry": {
        "type": "Point",
        "coordinates": [
          -71.1429298,
          8.6002419
        ]
      },
      "id": "node/1179711704"
    },
    {
      "type": "Feature",
      "properties": {
        "@id": "node/1179712497",
        "highway": "bus_stop",
        "name": "Inmaculada"
      },
      "geometry": {
        "type": "Point",
        "coordinates": [
          -71.1423694,
          8.5973301
        ]
      },
      "id": "node/1179712497"
    },
    {
      "type": "Feature",
      "properties": {
        "@id": "node/1179712661",
        "highway": "bus_stop",
        "name": "Buses Urb. Carabobo"
      },
      "geometry": {
        "type": "Point",
        "coordinates": [
          -71.141989,
          8.596674
        ]
      },
      "id": "node/1179712661"
    },
    {
      "type": "Feature",
      "properties": {
        "@id": "node/1180840593",
        "highway": "bus_stop",
        "name": "Parada BUS",
        "shelter": "yes"
      },
      "geometry": {
        "type": "Point",
        "coordinates": [
          -71.1373582,
          8.6131052
        ]
      },
      "id": "node/1180840593"
    },
    {
      "type": "Feature",
      "properties": {
        "@id": "node/1180840594",
        "highway": "bus_stop",
        "shelter": "no"
      },
      "geometry": {
        "type": "Point",
        "coordinates": [
          -71.1375232,
          8.6105859
        ]
      },
      "id": "node/1180840594"
    },
    {
      "type": "Feature",
      "properties": {
        "@id": "node/1205389681",
        "highway": "bus_stop"
      },
      "geometry": {
        "type": "Point",
        "coordinates": [
          -70.6951449,
          8.860182
        ]
      },
      "id": "node/1205389681"
    },
    {
      "type": "Feature",
      "properties": {
        "@id": "node/1210035177",
        "highway": "bus_stop",
        "name": "El Rincón"
      },
      "geometry": {
        "type": "Point",
        "coordinates": [
          -71.149429,
          8.595295
        ]
      },
      "id": "node/1210035177"
    },
    {
      "type": "Feature",
      "properties": {
        "@id": "node/1291284814",
        "bus": "yes",
        "highway": "bus_stop",
        "public_transport": "platform"
      },
      "geometry": {
        "type": "Point",
        "coordinates": [
          -71.15522,
          8.5873368
        ]
      },
      "id": "node/1291284814"
    },
    {
      "type": "Feature",
      "properties": {
        "@id": "node/1291284819",
        "highway": "bus_stop"
      },
      "geometry": {
        "type": "Point",
        "coordinates": [
          -71.1559172,
          8.5890739
        ]
      },
      "id": "node/1291284819"
    },
    {
      "type": "Feature",
      "properties": {
        "@id": "node/1291284821",
        "highway": "bus_stop"
      },
      "geometry": {
        "type": "Point",
        "coordinates": [
          -71.1555848,
          8.5885912
        ]
      },
      "id": "node/1291284821"
    },
    {
      "type": "Feature",
      "properties": {
        "@id": "node/1291307505",
        "highway": "bus_stop"
      },
      "geometry": {
        "type": "Point",
        "coordinates": [
          -71.1792315,
          8.5784876
        ]
      },
      "id": "node/1291307505"
    },
    {
      "type": "Feature",
      "properties": {
        "@id": "node/1291307507",
        "bus": "yes",
        "highway": "bus_stop",
        "public_transport": "platform"
      },
      "geometry": {
        "type": "Point",
        "coordinates": [
          -71.1720203,
          8.5832231
        ]
      },
      "id": "node/1291307507"
    },
    {
      "type": "Feature",
      "properties": {
        "@id": "node/1291307509",
        "highway": "bus_stop"
      },
      "geometry": {
        "type": "Point",
        "coordinates": [
          -71.1732367,
          8.5822895
        ]
      },
      "id": "node/1291307509"
    },
    {
      "type": "Feature",
      "properties": {
        "@id": "node/1298149207",
        "bus": "yes",
        "highway": "bus_stop",
        "public_transport": "platform"
      },
      "geometry": {
        "type": "Point",
        "coordinates": [
          -71.7551387,
          8.3292498
        ]
      },
      "id": "node/1298149207"
    },
    {
      "type": "Feature",
      "properties": {
        "@id": "node/1298149213",
        "bus": "yes",
        "highway": "bus_stop",
        "public_transport": "platform"
      },
      "geometry": {
        "type": "Point",
        "coordinates": [
          -71.7554069,
          8.3296904
        ]
      },
      "id": "node/1298149213"
    },
    {
      "type": "Feature",
      "properties": {
        "@id": "node/1590058133",
        "highway": "bus_stop",
        "name": "La Gran Parada"
      },
      "geometry": {
        "type": "Point",
        "coordinates": [
          -71.1926307,
          8.5885785
        ]
      },
      "id": "node/1590058133"
    },
    {
      "type": "Feature",
      "properties": {
        "@id": "node/1672424464",
        "bus": "yes",
        "highway": "bus_stop",
        "public_transport": "platform"
      },
      "geometry": {
        "type": "Point",
        "coordinates": [
          -6.3609398,
          38.9095549
        ]
      },
      "id": "node/1672424464"
    },
    {
      "type": "Feature",
      "properties": {
        "@id": "node/1672605630",
        "bus": "yes",
        "highway": "bus_stop",
        "name": "Avda. de Portugal 10",
        "operator": "Vectalia Mérida",
        "public_transport": "platform",
        "ref": "1059"
      },
      "geometry": {
        "type": "Point",
        "coordinates": [
          -6.3606696,
          38.9070656
        ]
      },
      "id": "node/1672605630"
    },
    {
      "type": "Feature",
      "properties": {
        "@id": "node/1695463613",
        "highway": "bus_stop"
      },
      "geometry": {
        "type": "Point",
        "coordinates": [
          -70.8526936,
          8.801078
        ]
      },
      "id": "node/1695463613"
    },
    {
      "type": "Feature",
      "properties": {
        "@id": "node/1697554451",
        "bus": "yes",
        "highway": "bus_stop",
        "name": "Calle Pablo Neruda",
        "operator": "Vectalia Mérida",
        "public_transport": "platform",
        "ref": "1066"
      },
      "geometry": {
        "type": "Point",
        "coordinates": [
          -6.3313906,
          38.898157
        ]
      },
      "id": "node/1697554451"
    },
    {
      "type": "Feature",
      "properties": {
        "@id": "node/1700015580",
        "bus": "yes",
        "highway": "bus_stop",
        "name": "Calle del Ferrocarril",
        "operator": "Vectalia Mérida",
        "public_transport": "platform",
        "ref": "1043"
      },
      "geometry": {
        "type": "Point",
        "coordinates": [
          -6.35262,
          38.92217
        ]
      },
      "id": "node/1700015580"
    },
    {
      "type": "Feature",
      "properties": {
        "@id": "node/1727288290",
        "highway": "bus_stop"
      },
      "geometry": {
        "type": "Point",
        "coordinates": [
          -71.1160596,
          8.6105743
        ]
      },
      "id": "node/1727288290"
    },
    {
      "type": "Feature",
      "properties": {
        "@id": "node/1765355587",
        "highway": "bus_stop"
      },
      "geometry": {
        "type": "Point",
        "coordinates": [
          -71.147078,
          8.6016849
        ]
      },
      "id": "node/1765355587"
    },
    {
      "type": "Feature",
      "properties": {
        "@id": "node/1816779880",
        "bus": "yes",
        "highway": "bus_stop",
        "public_transport": "platform"
      },
      "geometry": {
        "type": "Point",
        "coordinates": [
          -71.7559181,
          8.3300797
        ]
      },
      "id": "node/1816779880"
    },
    {
      "type": "Feature",
      "properties": {
        "@id": "node/1816779972",
        "bus": "yes",
        "highway": "bus_stop",
        "public_transport": "platform"
      },
      "geometry": {
        "type": "Point",
        "coordinates": [
          -71.7550866,
          8.3308388
        ]
      },
      "id": "node/1816779972"
    },
    {
      "type": "Feature",
      "properties": {
        "@id": "node/1827174473",
        "highway": "bus_stop"
      },
      "geometry": {
        "type": "Point",
        "coordinates": [
          -71.1827023,
          8.5777561
        ]
      },
      "id": "node/1827174473"
    },
    {
      "type": "Feature",
      "properties": {
        "@id": "node/1872511074",
        "bench": "no",
        "highway": "bus_stop",
        "name": "Vueta de Lola",
        "shelter": "yes",
        "tactile_paving": "no"
      },
      "geometry": {
        "type": "Point",
        "coordinates": [
          -71.130508,
          8.6205012
        ]
      },
      "id": "node/1872511074"
    },
    {
      "type": "Feature",
      "properties": {
        "@id": "node/1967696730",
        "highway": "bus_stop",
        "local_ref": "Parada Central"
      },
      "geometry": {
        "type": "Point",
        "coordinates": [
          -71.3888491,
          8.5038759
        ]
      },
      "id": "node/1967696730"
    },
    {
      "type": "Feature",
      "properties": {
        "@id": "node/3044903645",
        "bus": "yes",
        "highway": "bus_stop",
        "name": "66 Ibérica Av. 42, Av. 61 y Av. 58",
        "public_transport": "platform",
        "ref": "RUTA 70"
      },
      "geometry": {
        "type": "Point",
        "coordinates": [
          -89.6193983,
          20.9650239
        ]
      },
      "id": "node/3044903645"
    },
    {
      "type": "Feature",
      "properties": {
        "@id": "node/3614818036",
        "highway": "bus_stop",
        "name": "Parada del Judo"
      },
      "geometry": {
        "type": "Point",
        "coordinates": [
          -71.1457062,
          8.5947269
        ]
      },
      "id": "node/3614818036"
    },
    {
      "type": "Feature",
      "properties": {
        "@id": "node/3811627158",
        "highway": "bus_stop",
        "name": "Parada de autobuses",
        "source": "Mapa Feria Yucatán 2015"
      },
      "geometry": {
        "type": "Point",
        "coordinates": [
          -89.6165245,
          20.8555119
        ]
      },
      "id": "node/3811627158"
    },
    {
      "type": "Feature",
      "properties": {
        "@id": "node/4078641695",
        "bus": "yes",
        "highway": "bus_stop",
        "public_transport": "platform"
      },
      "geometry": {
        "type": "Point",
        "coordinates": [
          -71.2132871,
          8.5625124
        ]
      },
      "id": "node/4078641695"
    },
    {
      "type": "Feature",
      "properties": {
        "@id": "node/4078641696",
        "highway": "bus_stop"
      },
      "geometry": {
        "type": "Point",
        "coordinates": [
          -71.2172469,
          8.5609159
        ]
      },
      "id": "node/4078641696"
    },
    {
      "type": "Feature",
      "properties": {
        "@id": "node/4078641697",
        "highway": "bus_stop"
      },
      "geometry": {
        "type": "Point",
        "coordinates": [
          -71.2059688,
          8.5655164
        ]
      },
      "id": "node/4078641697"
    },
    {
      "type": "Feature",
      "properties": {
        "@id": "node/4078641698",
        "highway": "bus_stop"
      },
      "geometry": {
        "type": "Point",
        "coordinates": [
          -71.2040185,
          8.5633844
        ]
      },
      "id": "node/4078641698"
    },
    {
      "type": "Feature",
      "properties": {
        "@id": "node/4293125694",
        "bus": "yes",
        "highway": "bus_stop",
        "name": "Paradero Alemán Ruta 2",
        "public_transport": "platform"
      },
      "geometry": {
        "type": "Point",
        "coordinates": [
          -89.6204876,
          20.9647812
        ]
      },
      "id": "node/4293125694"
    },
    {
      "type": "Feature",
      "properties": {
        "@id": "node/4803875232",
        "highway": "bus_stop",
        "name": "Paradero Situr",
        "name:es": "Paradero Situr"
      },
      "geometry": {
        "type": "Point",
        "coordinates": [
          -89.6115825,
          20.9414614
        ]
      },
      "id": "node/4803875232"
    },
    {
      "type": "Feature",
      "properties": {
        "@id": "node/4803875531",
        "highway": "bus_stop"
      },
      "geometry": {
        "type": "Point",
        "coordinates": [
          -89.6063676,
          20.9350415
        ]
      },
      "id": "node/4803875531"
    },
    {
      "type": "Feature",
      "properties": {
        "@id": "node/5033156921",
        "bus": "yes",
        "description": "R903",
        "highway": "bus_stop",
        "name": "Paradero Va y Ven: Gran Plaza_2795",
        "public_transport": "platform"
      },
      "geometry": {
        "type": "Point",
        "coordinates": [
          -89.6263085,
          21.0298355
        ]
      },
      "id": "node/5033156921"
    },
    {
      "type": "Feature",
      "properties": {
        "@id": "node/5043874722",
        "bus": "yes",
        "highway": "bus_stop",
        "name": "Combis a homún",
        "public_transport": "platform"
      },
      "geometry": {
        "type": "Point",
        "coordinates": [
          -89.6183078,
          20.9623736
        ]
      },
      "id": "node/5043874722"
    },
    {
      "type": "Feature",
      "properties": {
        "@id": "node/5052432257",
        "bus": "yes",
        "highway": "bus_stop",
        "name": "Mérida  Calle 50 60",
        "public_transport": "platform"
      },
      "geometry": {
        "type": "Point",
        "coordinates": [
          -89.6406461,
          21.0450899
        ]
      },
      "id": "node/5052432257"
    },
    {
      "type": "Feature",
      "properties": {
        "@id": "node/5190147425",
        "bus": "yes",
        "highway": "bus_stop",
        "name": "65 Periférico",
        "operator": "Alianza de Camioneros de Yucatán",
        "public_transport": "platform"
      },
      "geometry": {
        "type": "Point",
        "coordinates": [
          -89.6198825,
          20.9657627
        ]
      },
      "id": "node/5190147425"
    },
    {
      "type": "Feature",
      "properties": {
        "@id": "node/5280710221",
        "bus": "yes",
        "highway": "bus_stop",
        "name": "Francisco Villa Oriente",
        "operator": "Alianza de Camioneros de Yucatán (A.C.Y.)",
        "public_transport": "platform"
      },
      "geometry": {
        "type": "Point",
        "coordinates": [
          -89.6201031,
          20.9658245
        ]
      },
      "id": "node/5280710221"
    },
    {
      "type": "Feature",
      "properties": {
        "@id": "node/5307549721",
        "bus": "yes",
        "highway": "bus_stop",
        "name": "Taxis Maxcanú",
        "public_transport": "platform"
      },
      "geometry": {
        "type": "Point",
        "coordinates": [
          -89.6269578,
          20.9622024
        ]
      },
      "id": "node/5307549721"
    },
    {
      "type": "Feature",
      "properties": {
        "@id": "node/5307549723",
        "bus": "yes",
        "highway": "bus_stop",
        "name": "Taxis Hunucmá",
        "public_transport": "platform"
      },
      "geometry": {
        "type": "Point",
        "coordinates": [
          -89.6264936,
          20.9651165
        ]
      },
      "id": "node/5307549723"
    },
    {
      "type": "Feature",
      "properties": {
        "@id": "node/5408923922",
        "bench": "no",
        "bus": "yes",
        "highway": "bus_stop",
        "name": "SITUR",
        "public_transport": "platform",
        "shelter": "no"
      },
      "geometry": {
        "type": "Point",
        "coordinates": [
          -89.6174449,
          20.9640263
        ]
      },
      "id": "node/5408923922"
    },
    {
      "type": "Feature",
      "properties": {
        "@id": "node/5502377321",
        "bus": "yes",
        "highway": "bus_stop",
        "name": "Tapetes",
        "name:en": "Bus to Mayan world museum (dir. Tapetes)",
        "public_transport": "platform"
      },
      "geometry": {
        "type": "Point",
        "coordinates": [
          -89.6218366,
          20.9676382
        ]
      },
      "id": "node/5502377321"
    },
    {
      "type": "Feature",
      "properties": {
        "@id": "node/5502381021",
        "highway": "bus_stop",
        "name": "Gran Museo del Mundo Maya",
        "name:en": "Mayan World Museum"
      },
      "geometry": {
        "type": "Point",
        "coordinates": [
          -89.6272045,
          21.0329705
        ]
      },
      "id": "node/5502381021"
    },
    {
      "type": "Feature",
      "properties": {
        "@id": "node/5553165145",
        "bench": "yes",
        "bin": "no",
        "bus": "yes",
        "highway": "bus_stop",
        "lit": "yes",
        "name": "Plaza de Toros",
        "operator": "Vectalia Mérida",
        "public_transport": "platform",
        "ref": "1003",
        "shelter": "yes"
      },
      "geometry": {
        "type": "Point",
        "coordinates": [
          -6.3423075,
          38.9114858
        ]
      },
      "id": "node/5553165145"
    },
    {
      "type": "Feature",
      "properties": {
        "@id": "node/5994111587",
        "bus": "yes",
        "highway": "bus_stop",
        "name": "San Lucas",
        "public_transport": "platform"
      },
      "geometry": {
        "type": "Point",
        "coordinates": [
          -89.62027,
          20.9685981
        ]
      },
      "id": "node/5994111587"
    },
    {
      "type": "Feature",
      "properties": {
        "@id": "node/5994138685",
        "bus": "yes",
        "highway": "bus_stop",
        "name": "Gran Plaza ruta 2",
        "public_transport": "platform"
      },
      "geometry": {
        "type": "Point",
        "coordinates": [
          -89.6202815,
          20.9685299
        ]
      },
      "id": "node/5994138685"
    },
    {
      "type": "Feature",
      "properties": {
        "@id": "node/5994138885",
        "bus": "yes",
        "highway": "bus_stop",
        "name": "Carranza",
        "public_transport": "platform"
      },
      "geometry": {
        "type": "Point",
        "coordinates": [
          -89.6202511,
          20.9687431
        ]
      },
      "id": "node/5994138885"
    },
    {
      "type": "Feature",
      "properties": {
        "@id": "node/6022349489",
        "bus": "yes",
        "departures_board": "no",
        "highway": "bus_stop",
        "name": "Paradero  R28 Kanasín – Naranjos 2",
        "network": "Va-y-Ven",
        "operator": "Turismaya",
        "public_transport": "platform",
        "ref": "1",
        "shelter": "no"
      },
      "geometry": {
        "type": "Point",
        "coordinates": [
          -89.6191993,
          20.963859
        ]
      },
      "id": "node/6022349489"
    },
    {
      "type": "Feature",
      "properties": {
        "@id": "node/6045097985",
        "bus": "yes",
        "highway": "bus_stop",
        "name:en": "Colectivos around here",
        "public_transport": "platform"
      },
      "geometry": {
        "type": "Point",
        "coordinates": [
          -89.6179481,
          20.96223
        ]
      },
      "id": "node/6045097985"
    },
    {
      "type": "Feature",
      "properties": {
        "@id": "node/6205913486",
        "bench": "yes",
        "bus": "yes",
        "highway": "bus_stop",
        "name": "Autobus para Uxmal y Chichen Itza",
        "name:en": "Buses to Uxmal and Chichen Itza",
        "name:pl": "Autobusy do Uxmal i Chichen Itza",
        "operator": "sur,  ado",
        "public_transport": "platform",
        "shelter": "yes"
      },
      "geometry": {
        "type": "Point",
        "coordinates": [
          -89.6302973,
          20.96281
        ]
      },
      "id": "node/6205913486"
    },
    {
      "type": "Feature",
      "properties": {
        "@id": "node/6497944346",
        "bus": "yes",
        "highway": "bus_stop",
        "public_transport": "platform"
      },
      "geometry": {
        "type": "Point",
        "coordinates": [
          -6.3640677,
          38.9220901
        ]
      },
      "id": "node/6497944346"
    },
    {
      "type": "Feature",
      "properties": {
        "@id": "node/6572697586",
        "bus": "yes",
        "highway": "bus_stop",
        "name": "San Pedro ruta II",
        "public_transport": "platform"
      },
      "geometry": {
        "type": "Point",
        "coordinates": [
          -89.6198682,
          20.9633128
        ]
      },
      "id": "node/6572697586"
    },
    {
      "type": "Feature",
      "properties": {
        "@id": "node/6581626289",
        "highway": "bus_stop",
        "name": "Camiones al centro"
      },
      "geometry": {
        "type": "Point",
        "coordinates": [
          -89.5807468,
          21.0047328
        ]
      },
      "id": "node/6581626289"
    },
    {
      "type": "Feature",
      "properties": {
        "@id": "node/6581626387",
        "highway": "bus_stop",
        "name": "Aleman Pinos"
      },
      "geometry": {
        "type": "Point",
        "coordinates": [
          -89.5788186,
          21.0034821
        ]
      },
      "id": "node/6581626387"
    },
    {
      "type": "Feature",
      "properties": {
        "@id": "node/6581626388",
        "highway": "bus_stop",
        "name": "Paradero Situr ir a Gran Plaza"
      },
      "geometry": {
        "type": "Point",
        "coordinates": [
          -89.5765737,
          21.0028608
        ]
      },
      "id": "node/6581626388"
    },
    {
      "type": "Feature",
      "properties": {
        "@id": "node/6581626489",
        "highway": "bus_stop",
        "name": "Pinos Tulias"
      },
      "geometry": {
        "type": "Point",
        "coordinates": [
          -89.5785593,
          21.0004183
        ]
      },
      "id": "node/6581626489"
    },
    {
      "type": "Feature",
      "properties": {
        "@id": "node/6581627090",
        "highway": "bus_stop",
        "name": "Aleman Ruta 2"
      },
      "geometry": {
        "type": "Point",
        "coordinates": [
          -89.5810733,
          21.0046263
        ]
      },
      "id": "node/6581627090"
    },
    {
      "type": "Feature",
      "properties": {
        "@id": "node/6981820287",
        "bus": "yes",
        "highway": "bus_stop",
        "public_transport": "platform"
      },
      "geometry": {
        "type": "Point",
        "coordinates": [
          -89.6030774,
          20.9931027
        ]
      },
      "id": "node/6981820287"
    },
    {
      "type": "Feature",
      "properties": {
        "@id": "node/6981820586",
        "bus": "yes",
        "highway": "bus_stop",
        "public_transport": "platform"
      },
      "geometry": {
        "type": "Point",
        "coordinates": [
          -89.6032742,
          20.9930307
        ]
      },
      "id": "node/6981820586"
    },
    {
      "type": "Feature",
      "properties": {
        "@id": "node/7055938850",
        "bus": "yes",
        "highway": "bus_stop",
        "name": "Colectivo to cikit",
        "public_transport": "platform"
      },
      "geometry": {
        "type": "Point",
        "coordinates": [
          -89.6238552,
          20.9632093
        ]
      },
      "id": "node/7055938850"
    },
    {
      "type": "Feature",
      "properties": {
        "@id": "node/7351456951",
        "bus": "yes",
        "highway": "bus_stop",
        "name": "Terminal Autobuses de Oriente Caucel",
        "operator": "ADO",
        "public_transport": "platform"
      },
      "geometry": {
        "type": "Point",
        "coordinates": [
          -89.680838,
          20.9995803
        ]
      },
      "id": "node/7351456951"
    },
    {
      "type": "Feature",
      "properties": {
        "@id": "node/7921403217",
        "bus": "yes",
        "highway": "bus_stop",
        "name": "Avenida Juan Carlos I 2º",
        "network": "Autobuses Urbanos de Mérida",
        "operator": "Vectalia",
        "public_transport": "platform",
        "ref": "1016"
      },
      "geometry": {
        "type": "Point",
        "coordinates": [
          -6.3309123,
          38.9222523
        ]
      },
      "id": "node/7921403217"
    },
    {
      "type": "Feature",
      "properties": {
        "@id": "node/8049296252",
        "bus": "yes",
        "highway": "bus_stop",
        "public_transport": "platform"
      },
      "geometry": {
        "type": "Point",
        "coordinates": [
          -89.7825381,
          21.1311289
        ]
      },
      "id": "node/8049296252"
    },
    {
      "type": "Feature",
      "properties": {
        "@id": "node/8049296262",
        "bus": "yes",
        "highway": "bus_stop",
        "public_transport": "platform"
      },
      "geometry": {
        "type": "Point",
        "coordinates": [
          -89.7821661,
          21.1307422
        ]
      },
      "id": "node/8049296262"
    },
    {
      "type": "Feature",
      "properties": {
        "@id": "node/8049666050",
        "bus": "yes",
        "highway": "bus_stop",
        "public_transport": "platform"
      },
      "geometry": {
        "type": "Point",
        "coordinates": [
          -89.7800061,
          21.1315714
        ]
      },
      "id": "node/8049666050"
    },
    {
      "type": "Feature",
      "properties": {
        "@id": "node/8049859638",
        "bus": "yes",
        "highway": "bus_stop",
        "public_transport": "platform"
      },
      "geometry": {
        "type": "Point",
        "coordinates": [
          -89.7800887,
          21.1317915
        ]
      },
      "id": "node/8049859638"
    },
    {
      "type": "Feature",
      "properties": {
        "@id": "node/8079589789",
        "bus": "yes",
        "highway": "bus_stop",
        "public_transport": "platform"
      },
      "geometry": {
        "type": "Point",
        "coordinates": [
          -89.6440137,
          21.0471455
        ]
      },
      "id": "node/8079589789"
    },
    {
      "type": "Feature",
      "properties": {
        "@id": "node/8079589790",
        "bus": "yes",
        "highway": "bus_stop",
        "public_transport": "platform"
      },
      "geometry": {
        "type": "Point",
        "coordinates": [
          -89.6446178,
          21.0470815
        ]
      },
      "id": "node/8079589790"
    },
    {
      "type": "Feature",
      "properties": {
        "@id": "node/8079589791",
        "bus": "yes",
        "highway": "bus_stop",
        "public_transport": "platform"
      },
      "geometry": {
        "type": "Point",
        "coordinates": [
          -89.6401261,
          21.0491605
        ]
      },
      "id": "node/8079589791"
    },
    {
      "type": "Feature",
      "properties": {
        "@id": "node/8079589792",
        "bus": "yes",
        "highway": "bus_stop",
        "public_transport": "platform"
      },
      "geometry": {
        "type": "Point",
        "coordinates": [
          -89.6403117,
          21.0475062
        ]
      },
      "id": "node/8079589792"
    },
    {
      "type": "Feature",
      "properties": {
        "@id": "node/8280210817",
        "bus": "yes",
        "highway": "bus_stop",
        "name": "Collectivo El progresso 2020",
        "public_transport": "platform"
      },
      "geometry": {
        "type": "Point",
        "coordinates": [
          -89.6235636,
          20.9641397
        ]
      },
      "id": "node/8280210817"
    },
    {
      "type": "Feature",
      "properties": {
        "@id": "node/8443630018",
        "bus": "yes",
        "highway": "bus_stop",
        "name": "Avda. José Fernández López 8",
        "operator": "Vectalia Mérida",
        "public_transport": "platform",
        "ref": "1094"
      },
      "geometry": {
        "type": "Point",
        "coordinates": [
          -6.3505652,
          38.9183936
        ]
      },
      "id": "node/8443630018"
    },
    {
      "type": "Feature",
      "properties": {
        "@id": "node/8443630019",
        "bench": "no",
        "bin": "yes",
        "bus": "yes",
        "highway": "bus_stop",
        "lit": "yes",
        "name": "Avda. Augusta Emérita - Chimenea",
        "operator": "Vectalia Mérida",
        "public_transport": "platform",
        "ref": "1095",
        "shelter": "no"
      },
      "geometry": {
        "type": "Point",
        "coordinates": [
          -6.355183,
          38.9241853
        ]
      },
      "id": "node/8443630019"
    },
    {
      "type": "Feature",
      "properties": {
        "@id": "node/8443630020",
        "bench": "no",
        "bin": "no",
        "bus": "yes",
        "highway": "bus_stop",
        "lit": "yes",
        "name": "Avda. Emérita Augusta - Ida - Marco Agripa",
        "public_transport": "platform",
        "ref": "1101",
        "shelter": "no",
        "tactile_paving": "no"
      },
      "geometry": {
        "type": "Point",
        "coordinates": [
          -6.3540499,
          38.9268474
        ]
      },
      "id": "node/8443630020"
    },
    {
      "type": "Feature",
      "properties": {
        "@id": "node/8443630021",
        "bench": "yes",
        "bin": "no",
        "bus": "yes",
        "highway": "bus_stop",
        "lit": "no",
        "name": "Avda. Vía de la Plata 14",
        "operator": "Vectalia Mérida",
        "public_transport": "platform",
        "ref": "1102",
        "shelter": "yes",
        "tactile_paving": "no"
      },
      "geometry": {
        "type": "Point",
        "coordinates": [
          -6.3481758,
          38.9268321
        ]
      },
      "id": "node/8443630021"
    },
    {
      "type": "Feature",
      "properties": {
        "@id": "node/8443630022",
        "bus": "yes",
        "highway": "bus_stop",
        "name": "Avda. Pitágoras 2",
        "public_transport": "platform"
      },
      "geometry": {
        "type": "Point",
        "coordinates": [
          -6.3465613,
          38.9294319
        ]
      },
      "id": "node/8443630022"
    },
    {
      "type": "Feature",
      "properties": {
        "@id": "node/8443630023",
        "bus": "yes",
        "highway": "bus_stop",
        "name": "Avda. Pitágoras 102",
        "operator": "Vectalia Mérida",
        "public_transport": "platform",
        "ref": "1105"
      },
      "geometry": {
        "type": "Point",
        "coordinates": [
          -6.3420382,
          38.9278115
        ]
      },
      "id": "node/8443630023"
    },
    {
      "type": "Feature",
      "properties": {
        "@id": "node/8443630024",
        "bus": "yes",
        "highway": "bus_stop",
        "name": "Calle Llanos de Olivenza",
        "operator": "Vectalia Mérida",
        "public_transport": "platform",
        "ref": "1027"
      },
      "geometry": {
        "type": "Point",
        "coordinates": [
          -6.3418041,
          38.9257596
        ]
      },
      "id": "node/8443630024"
    },
    {
      "type": "Feature",
      "properties": {
        "@id": "node/8443630032",
        "bus": "yes",
        "highway": "bus_stop",
        "name": "Calle Mirandilla - Velódromo",
        "operator": "Vectalia Mérida",
        "public_transport": "platform",
        "ref": "1028"
      },
      "geometry": {
        "type": "Point",
        "coordinates": [
          -6.338121,
          38.924977
        ]
      },
      "id": "node/8443630032"
    },
    {
      "type": "Feature",
      "properties": {
        "@id": "node/8443630033",
        "bus": "yes",
        "highway": "bus_stop",
        "name": "Calle Mirandilla 8",
        "operator": "Vectalia Mérida",
        "public_transport": "platform",
        "ref": "1104"
      },
      "geometry": {
        "type": "Point",
        "coordinates": [
          -6.3374533,
          38.9281014
        ]
      },
      "id": "node/8443630033"
    },
    {
      "type": "Feature",
      "properties": {
        "@id": "node/8443630034",
        "bus": "yes",
        "highway": "bus_stop",
        "name": "Calle Torrente de Godina",
        "operator": "Vectalia Mérida",
        "public_transport": "platform",
        "ref": "1107"
      },
      "geometry": {
        "type": "Point",
        "coordinates": [
          -6.3373608,
          38.9316126
        ]
      },
      "id": "node/8443630034"
    },
    {
      "type": "Feature",
      "properties": {
        "@id": "node/8443630035",
        "bus": "yes",
        "highway": "bus_stop",
        "name": "Calle Talayuela - Montealto",
        "operator": "Vectalia Mérida",
        "public_transport": "platform",
        "ref": "1022"
      },
      "geometry": {
        "type": "Point",
        "coordinates": [
          -6.337888,
          38.9334267
        ]
      },
      "id": "node/8443630035"
    },
    {
      "type": "Feature",
      "properties": {
        "@id": "node/8443630036",
        "bus": "yes",
        "highway": "bus_stop",
        "name": "Calle Cristina - Montealto",
        "operator": "Vectalia Mérida",
        "public_transport": "platform",
        "ref": "1023"
      },
      "geometry": {
        "type": "Point",
        "coordinates": [
          -6.3403993,
          38.9332003
        ]
      },
      "id": "node/8443630036"
    },
    {
      "type": "Feature",
      "properties": {
        "@id": "node/8443630037",
        "bus": "yes",
        "highway": "bus_stop",
        "name": "Calle Dulce Chacón",
        "operator": "Vectalia Mérida",
        "public_transport": "platform",
        "ref": "1081",
        "shelter": "yes"
      },
      "geometry": {
        "type": "Point",
        "coordinates": [
          -6.3479125,
          38.9378643
        ]
      },
      "id": "node/8443630037"
    },
    {
      "type": "Feature",
      "properties": {
        "@id": "node/8443630038",
        "bus": "yes",
        "highway": "bus_stop",
        "name": "Calle Madre Teresa de Calcuta",
        "operator": "Vectalia Mérida",
        "public_transport": "platform",
        "ref": "1082"
      },
      "geometry": {
        "type": "Point",
        "coordinates": [
          -6.3470376,
          38.9394182
        ]
      },
      "id": "node/8443630038"
    },
    {
      "type": "Feature",
      "properties": {
        "@id": "node/8443630039",
        "bench": "yes",
        "bin": "no",
        "bus": "yes",
        "highway": "bus_stop",
        "name": "Avda. Vía de la Plata - R. Oramba",
        "operator": "Vectalia Mérida",
        "public_transport": "platform",
        "ref": "1097",
        "shelter": "yes"
      },
      "geometry": {
        "type": "Point",
        "coordinates": [
          -6.3464879,
          38.93257
        ]
      },
      "id": "node/8443630039"
    },
    {
      "type": "Feature",
      "properties": {
        "@id": "node/8443630043",
        "bench": "yes",
        "bin": "no",
        "bus": "yes",
        "highway": "bus_stop",
        "lit": "no",
        "name": "Avda. Vía de la Plata 35",
        "operator": "Vectalia Mérida",
        "public_transport": "platform",
        "ref": "1037",
        "shelter": "yes",
        "tactile_paving": "no"
      },
      "geometry": {
        "type": "Point",
        "coordinates": [
          -6.3480784,
          38.9275895
        ]
      },
      "id": "node/8443630043"
    },
    {
      "type": "Feature",
      "properties": {
        "@id": "node/8443630044",
        "bus": "yes",
        "highway": "bus_stop",
        "name": "Ronda de los Eméritos - Guardería",
        "operator": "Vectalia Mérida",
        "public_transport": "platform",
        "ref": "1106"
      },
      "geometry": {
        "type": "Point",
        "coordinates": [
          -6.3519828,
          38.926787
        ]
      },
      "id": "node/8443630044"
    },
    {
      "type": "Feature",
      "properties": {
        "@id": "node/8443630045",
        "bench": "no",
        "bin": "yes",
        "bus": "yes",
        "highway": "bus_stop",
        "lit": "yes",
        "name": "Avda. Augusta Emérita - Recinto Ferial",
        "operator": "Vectalia Mérida",
        "public_transport": "platform",
        "ref": "1089",
        "shelter": "no"
      },
      "geometry": {
        "type": "Point",
        "coordinates": [
          -6.355568,
          38.9245921
        ]
      },
      "id": "node/8443630045"
    },
    {
      "type": "Feature",
      "properties": {
        "@id": "node/8443630046",
        "bench": "no",
        "bin": "yes",
        "bus": "yes",
        "highway": "bus_stop",
        "lit": "yes",
        "name": "Avda. José Fernández López 39",
        "operator": "Vectalia Mérida",
        "public_transport": "platform",
        "ref": "1044",
        "shelter": "no"
      },
      "geometry": {
        "type": "Point",
        "coordinates": [
          -6.353309,
          38.9208913
        ]
      },
      "id": "node/8443630046"
    },
    {
      "type": "Feature",
      "properties": {
        "@id": "node/8446276184",
        "bus": "yes",
        "highway": "bus_stop",
        "name": "Avda. de la Hispanidad",
        "operator": "Vectalia Mérida",
        "public_transport": "platform",
        "ref": "1112"
      },
      "geometry": {
        "type": "Point",
        "coordinates": [
          -6.3579338,
          38.9161896
        ]
      },
      "id": "node/8446276184"
    },
    {
      "type": "Feature",
      "properties": {
        "@id": "node/8446276185",
        "bus": "yes",
        "highway": "bus_stop",
        "name": "Avda. de la Hispanidad",
        "operator": "Vectalia Mérida",
        "public_transport": "platform",
        "ref": "1092"
      },
      "geometry": {
        "type": "Point",
        "coordinates": [
          -6.3581008,
          38.9161651
        ]
      },
      "id": "node/8446276185"
    },
    {
      "type": "Feature",
      "properties": {
        "@id": "node/8446276186",
        "bus": "yes",
        "highway": "bus_stop",
        "name": "Avda. Antonio Campos Hoyos - Hospital",
        "operator": "Vectalia Mérida",
        "public_transport": "platform",
        "ref": "1091"
      },
      "geometry": {
        "type": "Point",
        "coordinates": [
          -6.3625336,
          38.9121148
        ]
      },
      "id": "node/8446276186"
    },
    {
      "type": "Feature",
      "properties": {
        "@id": "node/8446276188",
        "bus": "yes",
        "highway": "bus_stop",
        "name": "Avda. Luis Jacinto Ramallo García",
        "operator": "Vectalia Mérida",
        "public_transport": "platform",
        "ref": "1100"
      },
      "geometry": {
        "type": "Point",
        "coordinates": [
          -6.3681625,
          38.9072533
        ]
      },
      "id": "node/8446276188"
    },
    {
      "type": "Feature",
      "properties": {
        "@id": "node/8446276189",
        "bus": "yes",
        "highway": "bus_stop",
        "name": "Avda. de Portugal 7",
        "operator": "Vectalia Mérida",
        "public_transport": "platform",
        "ref": "1060"
      },
      "geometry": {
        "type": "Point",
        "coordinates": [
          -6.3625933,
          38.9058617
        ]
      },
      "id": "node/8446276189"
    },
    {
      "type": "Feature",
      "properties": {
        "@id": "node/8446276200",
        "bus": "yes",
        "highway": "bus_stop",
        "name": "Calle Ortega y Muñoz 13",
        "operator": "Vectalia Mérida",
        "public_transport": "platform",
        "ref": "1058"
      },
      "geometry": {
        "type": "Point",
        "coordinates": [
          -6.3585861,
          38.9067564
        ]
      },
      "id": "node/8446276200"
    },
    {
      "type": "Feature",
      "properties": {
        "@id": "node/8446276201",
        "bus": "yes",
        "highway": "bus_stop",
        "name": "Eugenio Hermoso 2",
        "operator": "Vectalia Mérida",
        "public_transport": "platform",
        "ref": "1073"
      },
      "geometry": {
        "type": "Point",
        "coordinates": [
          -6.3560995,
          38.906277
        ]
      },
      "id": "node/8446276201"
    },
    {
      "type": "Feature",
      "properties": {
        "@id": "node/8446276202",
        "bench": "yes",
        "bin": "yes",
        "bus": "yes",
        "highway": "bus_stop",
        "lit": "yes",
        "name": "Paseo de los Rosales 41",
        "operator": "Vectalia Mérida",
        "public_transport": "platform",
        "ref": "1098",
        "shelter": "no"
      },
      "geometry": {
        "type": "Point",
        "coordinates": [
          -6.354056,
          38.9077428
        ]
      },
      "id": "node/8446276202"
    },
    {
      "type": "Feature",
      "properties": {
        "@id": "node/8446276203",
        "bench": "yes",
        "bin": "yes",
        "bus": "yes",
        "highway": "bus_stop",
        "lit": "yes",
        "name": "Paseo de los Rosales - Puente Romano",
        "operator": "Vectalia Mérida",
        "public_transport": "platform",
        "ref": "1068",
        "shelter": "yes"
      },
      "geometry": {
        "type": "Point",
        "coordinates": [
          -6.355474,
          38.9108342
        ]
      },
      "id": "node/8446276203"
    },
    {
      "type": "Feature",
      "properties": {
        "@id": "node/8446276206",
        "bus": "yes",
        "highway": "bus_stop",
        "name": "Pza. Santo Domingo",
        "operator": "Vectalia Mérida",
        "public_transport": "platform",
        "ref": "1002"
      },
      "geometry": {
        "type": "Point",
        "coordinates": [
          -6.3448668,
          38.9137543
        ]
      },
      "id": "node/8446276206"
    },
    {
      "type": "Feature",
      "properties": {
        "@id": "node/8446276208",
        "bus": "yes",
        "highway": "bus_stop",
        "name": "Avda. Eugenio Hermoso - Colegio José María Calatrava",
        "operator": "Vectalia Mérida",
        "public_transport": "platform",
        "ref": "1071"
      },
      "geometry": {
        "type": "Point",
        "coordinates": [
          -6.354614,
          38.9069105
        ]
      },
      "id": "node/8446276208"
    },
    {
      "type": "Feature",
      "properties": {
        "@id": "node/8446276209",
        "bus": "yes",
        "highway": "bus_stop",
        "name": "Calle Mario Roso de Luna - Centro de Salud",
        "operator": "Vectalia Mérida",
        "public_transport": "platform",
        "ref": "1057"
      },
      "geometry": {
        "type": "Point",
        "coordinates": [
          -6.3574571,
          38.9069431
        ]
      },
      "id": "node/8446276209"
    },
    {
      "type": "Feature",
      "properties": {
        "@id": "node/8446276210",
        "bus": "yes",
        "highway": "bus_stop",
        "name": "Pza. Gabriel y Galán",
        "operator": "Vectalia Mérida",
        "public_transport": "platform",
        "ref": "1052"
      },
      "geometry": {
        "type": "Point",
        "coordinates": [
          -6.3600714,
          38.9133099
        ]
      },
      "id": "node/8446276210"
    },
    {
      "type": "Feature",
      "properties": {
        "@id": "node/8446674674",
        "bench": "yes",
        "bin": "yes",
        "bus": "yes",
        "highway": "bus_stop",
        "lit": "yes",
        "name": "Calle Almendralejo 30",
        "operator": "Vectalia Mérida",
        "public_transport": "platform",
        "ref": "1078",
        "shelter": "yes"
      },
      "geometry": {
        "type": "Point",
        "coordinates": [
          -6.347692,
          38.9187405
        ]
      },
      "id": "node/8446674674"
    },
    {
      "type": "Feature",
      "properties": {
        "@id": "node/8446674675",
        "bench": "no",
        "bin": "no",
        "bus": "yes",
        "highway": "bus_stop",
        "lit": "yes",
        "name": "Calle Almendralejo 78",
        "operator": "Vectalia Mérida",
        "public_transport": "platform",
        "ref": "1032",
        "shelter": "no"
      },
      "geometry": {
        "type": "Point",
        "coordinates": [
          -6.3438303,
          38.9197889
        ]
      },
      "id": "node/8446674675"
    },
    {
      "type": "Feature",
      "properties": {
        "@id": "node/8446674676",
        "bench": "no",
        "bin": "no",
        "bus": "yes",
        "highway": "bus_stop",
        "lit": "yes",
        "name": "Iglesia Santa Eulalia",
        "operator": "Vectalia Mérida",
        "public_transport": "platform",
        "ref": "1031",
        "shelter": "no"
      },
      "geometry": {
        "type": "Point",
        "coordinates": [
          -6.3421099,
          38.9203462
        ]
      },
      "id": "node/8446674676"
    },
    {
      "type": "Feature",
      "properties": {
        "@id": "node/8446674677",
        "bus": "yes",
        "highway": "bus_stop",
        "name": "Avda. Extremadura 25",
        "operator": "Vectalia Mérida",
        "public_transport": "platform",
        "ref": "1030"
      },
      "geometry": {
        "type": "Point",
        "coordinates": [
          -6.3392001,
          38.9201783
        ]
      },
      "id": "node/8446674677"
    },
    {
      "type": "Feature",
      "properties": {
        "@id": "node/8446674678",
        "bench": "no",
        "bin": "no",
        "bus": "yes",
        "highway": "bus_stop",
        "lit": "yes",
        "name": "Avda. Extremadura 25",
        "operator": "Vectalia Mérida",
        "public_transport": "platform",
        "ref": "1093",
        "shelter": "no"
      },
      "geometry": {
        "type": "Point",
        "coordinates": [
          -6.3384719,
          38.9202726
        ]
      },
      "id": "node/8446674678"
    },
    {
      "type": "Feature",
      "properties": {
        "@id": "node/8446674681",
        "bus": "yes",
        "highway": "bus_stop",
        "name": "Avda. Juan Carlos I - Circo Romano",
        "operator": "Vectalia Mérida",
        "public_transport": "platform",
        "ref": "1075"
      },
      "geometry": {
        "type": "Point",
        "coordinates": [
          -6.3345522,
          38.9204142
        ]
      },
      "id": "node/8446674681"
    },
    {
      "type": "Feature",
      "properties": {
        "@id": "node/8446674682",
        "bus": "yes",
        "highway": "bus_stop",
        "name": "Avda. Juan Carlos I 40",
        "operator": "Vectalia Mérida",
        "public_transport": "platform",
        "ref": "1015"
      },
      "geometry": {
        "type": "Point",
        "coordinates": [
          -6.3304806,
          38.9223324
        ]
      },
      "id": "node/8446674682"
    },
    {
      "type": "Feature",
      "properties": {
        "@id": "node/8446674683",
        "bus": "yes",
        "highway": "bus_stop",
        "name": "Calle Ausonio",
        "network": "Vectalia Mérida",
        "public_transport": "platform",
        "ref": "1017"
      },
      "geometry": {
        "type": "Point",
        "coordinates": [
          -6.3262276,
          38.9263299
        ]
      },
      "id": "node/8446674683"
    },
    {
      "type": "Feature",
      "properties": {
        "@id": "node/8446674684",
        "bus": "yes",
        "highway": "bus_stop",
        "name": "Avda. Casa Herrera",
        "operator": "Vectalia Mérida",
        "public_transport": "platform",
        "ref": "1079"
      },
      "geometry": {
        "type": "Point",
        "coordinates": [
          -6.3273139,
          38.9273214
        ]
      },
      "id": "node/8446674684"
    },
    {
      "type": "Feature",
      "properties": {
        "@id": "node/8446674685",
        "bus": "yes",
        "highway": "bus_stop",
        "name": "Calle Río Jerte 25",
        "operator": "Vectalia Mérida",
        "public_transport": "platform",
        "ref": "1110"
      },
      "geometry": {
        "type": "Point",
        "coordinates": [
          -6.3294142,
          38.9274676
        ]
      },
      "id": "node/8446674685"
    },
    {
      "type": "Feature",
      "properties": {
        "@id": "node/8446674686",
        "bus": "yes",
        "highway": "bus_stop",
        "name": "Calle San Fausto",
        "operator": "Vectalia Mérida",
        "public_transport": "platform",
        "ref": "1019"
      },
      "geometry": {
        "type": "Point",
        "coordinates": [
          -6.3307356,
          38.9287668
        ]
      },
      "id": "node/8446674686"
    },
    {
      "type": "Feature",
      "properties": {
        "@id": "node/8446674687",
        "bench": "no",
        "bin": "no",
        "bus": "yes",
        "highway": "bus_stop",
        "name": "Avda. Felipe VI - Colegio Josefinas",
        "operator": "Vectalia Mérida",
        "public_transport": "platform",
        "ref": "1021",
        "shelter": "no"
      },
      "geometry": {
        "type": "Point",
        "coordinates": [
          -6.3371923,
          38.9306966
        ]
      },
      "id": "node/8446674687"
    },
    {
      "type": "Feature",
      "properties": {
        "@id": "node/8446674689",
        "bus": "yes",
        "highway": "bus_stop",
        "name": "Calle Trujillo - San Lázaro",
        "operator": "Vectalia Mérida",
        "public_transport": "platform",
        "ref": "1020",
        "shelter": "yes"
      },
      "geometry": {
        "type": "Point",
        "coordinates": [
          -6.3325123,
          38.9278141
        ]
      },
      "id": "node/8446674689"
    },
    {
      "type": "Feature",
      "properties": {
        "@id": "node/8446674690",
        "bench": "yes",
        "bin": "yes",
        "bus": "yes",
        "highway": "bus_stop",
        "name": "Calle San Alejo - Santa Isabel",
        "operator": "Vectalia Mérida",
        "public_transport": "platform",
        "ref": "1077",
        "shelter": "yes"
      },
      "geometry": {
        "type": "Point",
        "coordinates": [
          -6.3291384,
          38.9258161
        ]
      },
      "id": "node/8446674690"
    },
    {
      "type": "Feature",
      "properties": {
        "@id": "node/8446674691",
        "bus": "yes",
        "highway": "bus_stop",
        "name": "III Milenio",
        "operator": "Vectalia Mérida",
        "public_transport": "platform",
        "ref": "1074"
      },
      "geometry": {
        "type": "Point",
        "coordinates": [
          -6.3334072,
          38.9241689
        ]
      },
      "id": "node/8446674691"
    },
    {
      "type": "Feature",
      "properties": {
        "@id": "node/8446674692",
        "bus": "yes",
        "highway": "bus_stop",
        "name": "Avda. Marqués de Paterna",
        "operator": "Vectalia Mérida",
        "public_transport": "platform",
        "ref": "1067"
      },
      "geometry": {
        "type": "Point",
        "coordinates": [
          -6.3327161,
          38.9220308
        ]
      },
      "id": "node/8446674692"
    },
    {
      "type": "Feature",
      "properties": {
        "@id": "node/8446674693",
        "bench": "no",
        "bin": "no",
        "bus": "yes",
        "highway": "bus_stop",
        "lit": "yes",
        "name": "Calle Marquesa de Pinares",
        "operator": "Vectalia Mérida",
        "public_transport": "platform",
        "ref": "1045",
        "shelter": "no"
      },
      "geometry": {
        "type": "Point",
        "coordinates": [
          -6.3480467,
          38.9218934
        ]
      },
      "id": "node/8446674693"
    },
    {
      "type": "Feature",
      "properties": {
        "@id": "node/8577075317",
        "bus": "yes",
        "highway": "bus_stop",
        "name": "arret de bus Turibus",
        "name:en": "BusStop Turibus",
        "name:es": "Parada Turibus",
        "name:fr": "Arrête de bus Turibus",
        "public_transport": "platform"
      },
      "geometry": {
        "type": "Point",
        "coordinates": [
          -89.6221043,
          20.9697672
        ]
      },
      "id": "node/8577075317"
    },
    {
      "type": "Feature",
      "properties": {
        "@id": "node/8587033317",
        "bus": "yes",
        "highway": "bus_stop",
        "name": "Combis a Chablekal",
        "name:en": "Minibus to Chablekal",
        "public_transport": "platform"
      },
      "geometry": {
        "type": "Point",
        "coordinates": [
          -89.6230597,
          20.9698514
        ]
      },
      "id": "node/8587033317"
    },
    {
      "type": "Feature",
      "properties": {
        "@id": "node/8587033417",
        "bus": "yes",
        "highway": "bus_stop",
        "name": "Colectivos a Dzibilchaltún",
        "name:en": "Minibus to Dzibilchaltún",
        "public_transport": "platform"
      },
      "geometry": {
        "type": "Point",
        "coordinates": [
          -89.6229619,
          20.9698383
        ]
      },
      "id": "node/8587033417"
    },
    {
      "type": "Feature",
      "properties": {
        "@id": "node/8761967582",
        "bus": "yes",
        "highway": "bus_stop",
        "name": "Centro de Salud Zona Sur",
        "operator": "Vectalia Mérida",
        "public_transport": "platform",
        "ref": "1004"
      },
      "geometry": {
        "type": "Point",
        "coordinates": [
          -6.3394277,
          38.9095479
        ]
      },
      "id": "node/8761967582"
    },
    {
      "type": "Feature",
      "properties": {
        "@id": "node/8761967583",
        "bus": "yes",
        "departures_board": "realtime",
        "highway": "bus_stop",
        "name": "Camino del Peral - 1ª parada",
        "operator": "Vectalia Mérida",
        "public_transport": "platform",
        "ref": "1006",
        "shelter": "no"
      },
      "geometry": {
        "type": "Point",
        "coordinates": [
          -6.336226,
          38.907345
        ]
      },
      "id": "node/8761967583"
    },
    {
      "type": "Feature",
      "properties": {
        "@id": "node/8761967584",
        "bus": "yes",
        "highway": "bus_stop",
        "name": "Camino del Peral - 2ª parada",
        "operator": "Vectalia Mérida",
        "public_transport": "platform",
        "ref": "1063"
      },
      "geometry": {
        "type": "Point",
        "coordinates": [
          -6.3328931,
          38.9055874
        ]
      },
      "id": "node/8761967584"
    },
    {
      "type": "Feature",
      "properties": {
        "@id": "node/8761967606",
        "bus": "yes",
        "highway": "bus_stop",
        "name": "Camino Paseras",
        "operator": "Vectalia Mérida",
        "public_transport": "platform",
        "ref": "1065"
      },
      "geometry": {
        "type": "Point",
        "coordinates": [
          -6.3308196,
          38.8972732
        ]
      },
      "id": "node/8761967606"
    },
    {
      "type": "Feature",
      "properties": {
        "@id": "node/8762046220",
        "bus": "yes",
        "highway": "bus_stop",
        "name": "Calle Vicente Aleixandre 5",
        "operator": "Vectalia Mérida",
        "public_transport": "platform",
        "ref": "1064"
      },
      "geometry": {
        "type": "Point",
        "coordinates": [
          -6.3358903,
          38.9032493
        ]
      },
      "id": "node/8762046220"
    },
    {
      "type": "Feature",
      "properties": {
        "@id": "node/8762046222",
        "bus": "yes",
        "highway": "bus_stop",
        "name": "Universidad",
        "operator": "Vectalia Mérida",
        "public_transport": "platform",
        "ref": "1005"
      },
      "geometry": {
        "type": "Point",
        "coordinates": [
          -6.3381923,
          38.9075733
        ]
      },
      "id": "node/8762046222"
    },
    {
      "type": "Feature",
      "properties": {
        "@id": "node/8762046223",
        "bus": "yes",
        "highway": "bus_stop",
        "name": "Avenida Lusitania - 1ª parada",
        "operator": "Vectalia Mérida",
        "public_transport": "platform",
        "ref": "1007"
      },
      "geometry": {
        "type": "Point",
        "coordinates": [
          -6.3373199,
          38.9104465
        ]
      },
      "id": "node/8762046223"
    },
    {
      "type": "Feature",
      "properties": {
        "@id": "node/8762046224",
        "bus": "yes",
        "highway": "bus_stop",
        "name": "Calle Antonio Hernández Gil",
        "operator": "Vectalia Mérida",
        "public_transport": "platform",
        "ref": "1099"
      },
      "geometry": {
        "type": "Point",
        "coordinates": [
          -6.3376418,
          38.9113717
        ]
      },
      "id": "node/8762046224"
    },
    {
      "type": "Feature",
      "properties": {
        "@id": "node/8812925270",
        "bus": "yes",
        "description": "Ruta 75 y 78",
        "highway": "bus_stop",
        "name": "Paradero Va y Ven: Preparatoria Estatal No. 8_1121",
        "public_transport": "platform",
        "shelter": "yes"
      },
      "geometry": {
        "type": "Point",
        "coordinates": [
          -89.6523173,
          21.0339747
        ]
      },
      "id": "node/8812925270"
    },
    {
      "type": "Feature",
      "properties": {
        "@id": "node/8812925271",
        "bus": "yes",
        "description": "R71, R76, R808, R10003",
        "highway": "bus_stop",
        "name": "Paradero Va y Ven: Glorieta La Mestiza_1036",
        "public_transport": "platform",
        "shelter": "yes"
      },
      "geometry": {
        "type": "Point",
        "coordinates": [
          -89.6466285,
          21.0310692
        ]
      },
      "id": "node/8812925271"
    },
    {
      "type": "Feature",
      "properties": {
        "@id": "node/8812925272",
        "bench": "yes",
        "bin": "yes",
        "bus": "yes",
        "highway": "bus_stop",
        "public_transport": "platform",
        "shelter": "yes"
      },
      "geometry": {
        "type": "Point",
        "coordinates": [
          -89.6408506,
          21.0301313
        ]
      },
      "id": "node/8812925272"
    },
    {
      "type": "Feature",
      "properties": {
        "@id": "node/9359567317",
        "bus": "yes",
        "highway": "bus_stop",
        "name:en": "to Maya word museum, Dzytiá",
        "public_transport": "platform"
      },
      "geometry": {
        "type": "Point",
        "coordinates": [
          -89.6201152,
          20.9693699
        ]
      },
      "id": "node/9359567317"
    },
    {
      "type": "Feature",
      "properties": {
        "@id": "node/9933934417",
        "bus": "yes",
        "highway": "bus_stop",
        "name": "Collectivo á Cuzamá",
        "public_transport": "platform"
      },
      "geometry": {
        "type": "Point",
        "coordinates": [
          -89.617898,
          20.9616088
        ]
      },
      "id": "node/9933934417"
    },
    {
      "type": "Feature",
      "properties": {
        "@id": "node/10181640917",
        "highway": "bus_stop",
        "name": "collectivo para Celestun"
      },
      "geometry": {
        "type": "Point",
        "coordinates": [
          -89.6171457,
          20.9644376
        ]
      },
      "id": "node/10181640917"
    },
    {
      "type": "Feature",
      "properties": {
        "@id": "node/10720190905",
        "bus": "yes",
        "description": "R701",
        "highway": "bus_stop",
        "name": "Paradero Va y Ven: Aeropuerto_2102",
        "public_transport": "platform"
      },
      "geometry": {
        "type": "Point",
        "coordinates": [
          -89.6634955,
          20.9345238
        ]
      },
      "id": "node/10720190905"
    },
    {
      "type": "Feature",
      "properties": {
        "@id": "node/10720191005",
        "alt_name": "Paradero Va y Ven: Tame 68_2103 (Ruta Aeropuerto)",
        "bus": "yes",
        "description": "R701",
        "highway": "bus_stop",
        "name": "Paradero Va y Ven: Tame 68_2103",
        "name:en": "Ruta Aeropuerto (from airport)",
        "public_transport": "platform"
      },
      "geometry": {
        "type": "Point",
        "coordinates": [
          -89.6293307,
          20.9627033
        ]
      },
      "id": "node/10720191005"
    },
    {
      "type": "Feature",
      "properties": {
        "@id": "node/10720191105",
        "bus": "yes",
        "description": "R701",
        "highway": "bus_stop",
        "name": "Paradero Va y Ven: Aeropuerto_2104",
        "public_transport": "platform",
        "shelter": "no"
      },
      "geometry": {
        "type": "Point",
        "coordinates": [
          -89.6227963,
          20.970964
        ]
      },
      "id": "node/10720191105"
    },
    {
      "type": "Feature",
      "properties": {
        "@id": "node/10724223705",
        "bus": "yes",
        "description": "R68, R70, R73, R74, R807, R903",
        "highway": "bus_stop",
        "name": "Paradero Va y Ven: Siglo XXI_1003",
        "public_transport": "platform"
      },
      "geometry": {
        "type": "Point",
        "coordinates": [
          -89.6278137,
          21.0334319
        ]
      },
      "id": "node/10724223705"
    },
    {
      "type": "Feature",
      "properties": {
        "@id": "node/10724223905",
        "bus": "yes",
        "description": "R67, R68, R70, R73, R74, R807, R903",
        "highway": "bus_stop",
        "name": "Paradero Va y Ven: Siglo XXI_900",
        "public_transport": "platform"
      },
      "geometry": {
        "type": "Point",
        "coordinates": [
          -89.6275964,
          21.0345303
        ]
      },
      "id": "node/10724223905"
    },
    {
      "type": "Feature",
      "properties": {
        "@id": "node/10724911705",
        "alt_name": "Paradero Va y Ven: Ruta aeropuerto (hacia el aeropuerto)",
        "bus": "yes",
        "description": "R701",
        "highway": "bus_stop",
        "name": "Paradero Va y Ven: Tame 69_2107",
        "name:en": "Ruta Aeropuerto (to airport)",
        "public_transport": "platform"
      },
      "geometry": {
        "type": "Point",
        "coordinates": [
          -89.6299244,
          20.9629337
        ]
      },
      "id": "node/10724911705"
    },
    {
      "type": "Feature",
      "properties": {
        "@id": "node/10750446793",
        "bus": "yes",
        "highway": "bus_stop",
        "public_transport": "platform"
      },
      "geometry": {
        "type": "Point",
        "coordinates": [
          -71.1450542,
          8.5933924
        ]
      },
      "id": "node/10750446793"
    },
    {
      "type": "Feature",
      "properties": {
        "@id": "node/11097940405",
        "bus": "yes",
        "description": "Aquí se puede abordar la ruta 72, 73 y 74.",
        "highway": "bus_stop",
        "name": "Paradero Va y Ven: R72 C-63 x 56 Col. Centro",
        "public_transport": "platform"
      },
      "geometry": {
        "type": "Point",
        "coordinates": [
          -89.6212038,
          20.9660124
        ]
      },
      "id": "node/11097940405"
    },
    {
      "type": "Feature",
      "properties": {
        "@id": "node/11163968905",
        "highway": "bus_stop",
        "name": "Entrada Don Perucho",
        "name:en": "Mr Perucho Bus stop"
      },
      "geometry": {
        "type": "Point",
        "coordinates": [
          -71.1209484,
          8.6079564
        ]
      },
      "id": "node/11163968905"
    },
    {
      "type": "Feature",
      "properties": {
        "@id": "node/11225261337",
        "highway": "bus_stop",
        "name": "La Pueblita"
      },
      "geometry": {
        "type": "Point",
        "coordinates": [
          -71.1366638,
          8.5908434
        ]
      },
      "id": "node/11225261337"
    },
    {
      "type": "Feature",
      "properties": {
        "@id": "node/11276576139",
        "bus": "yes",
        "description": "R95",
        "highway": "bus_stop",
        "name": "Paradero Va y Ven: R95 C-67 x 64 y 62 Col. Centro_2702",
        "public_transport": "platform"
      },
      "geometry": {
        "type": "Point",
        "coordinates": [
          -89.6254128,
          20.9635897
        ]
      },
      "id": "node/11276576139"
    },
    {
      "type": "Feature",
      "properties": {
        "@id": "node/11579840943",
        "bench": "yes",
        "bus": "yes",
        "highway": "bus_stop",
        "name": "Plaza Gran Santa Fe 91",
        "operator": "Va y Ven",
        "public_transport": "platform",
        "shelter": "yes",
        "wheelchair": "yes"
      },
      "geometry": {
        "type": "Point",
        "coordinates": [
          -89.6883501,
          21.0051855
        ]
      },
      "id": "node/11579840943"
    },
    {
      "type": "Feature",
      "properties": {
        "@id": "node/11579840944",
        "bench": "yes",
        "bus": "yes",
        "highway": "bus_stop",
        "name": "Chedraui Ciudad Caucel 91",
        "operator": "Va y Ven",
        "public_transport": "platform",
        "shelter": "yes",
        "wheelchair": "yes"
      },
      "geometry": {
        "type": "Point",
        "coordinates": [
          -89.6895899,
          21.0055605
        ]
      },
      "id": "node/11579840944"
    },
    {
      "type": "Feature",
      "properties": {
        "@id": "node/11971213081",
        "bus": "yes",
        "description": "Paradero para las rutas 26, 31, 32, 33, 34, 35, 36, 703 y 806.",
        "highway": "bus_stop",
        "name": "Paradero Va y Ven: Plaza Oriente_524",
        "network": "Sistema de Movilidad Amable y Sostenible Va-y-Ven",
        "operator": "Agencia de Transporte de Yucatán",
        "public_transport": "platform",
        "shelter": "yes"
      },
      "geometry": {
        "type": "Point",
        "coordinates": [
          -89.591005,
          20.9596021
        ]
      },
      "id": "node/11971213081"
    },
    {
      "type": "Feature",
      "properties": {
        "@id": "node/11971213117",
        "bus": "yes",
        "departures_board": "no",
        "highway": "bus_stop",
        "name": "Combis Mayapán",
        "operator": "Frente Único de Trabajadores al Volante F.U.T.V.",
        "public_transport": "platform",
        "shelter": "no"
      },
      "geometry": {
        "type": "Point",
        "coordinates": [
          -89.619288,
          20.9658442
        ]
      },
      "id": "node/11971213117"
    },
    {
      "type": "Feature",
      "properties": {
        "@id": "node/11971213118",
        "bus": "yes",
        "departures_board": "no",
        "highway": "bus_stop",
        "name": "Combis Brisas",
        "operator": "Frente Único de Trabajadores al Volante F.U.T.V.",
        "public_transport": "platform",
        "shelter": "no"
      },
      "geometry": {
        "type": "Point",
        "coordinates": [
          -89.6192534,
          20.9659847
        ]
      },
      "id": "node/11971213118"
    },
    {
      "type": "Feature",
      "properties": {
        "@id": "node/11989438680",
        "bus": "yes",
        "description": "R7",
        "highway": "bus_stop",
        "name": "Paradero Va y Ven:  R7 C-54 x 67 y 69 Col. Centro",
        "public_transport": "platform"
      },
      "geometry": {
        "type": "Point",
        "coordinates": [
          -89.6201495,
          20.9622315
        ]
      },
      "id": "node/11989438680"
    },
    {
      "type": "Feature",
      "properties": {
        "@id": "node/11989472807",
        "bus": "yes",
        "highway": "bus_stop",
        "name": "Paradero Va y Ven: Unidad Deportiva Fernando Valenzuela",
        "public_transport": "platform"
      },
      "geometry": {
        "type": "Point",
        "coordinates": [
          -89.6292113,
          20.9173624
        ]
      },
      "id": "node/11989472807"
    },
    {
      "type": "Feature",
      "properties": {
        "@id": "node/11989472808",
        "bus": "yes",
        "highway": "bus_stop",
        "name": "Paradero Va y Ven: Unidad Deportiva Fernando Valenzuela",
        "public_transport": "platform"
      },
      "geometry": {
        "type": "Point",
        "coordinates": [
          -89.629014,
          20.9172872
        ]
      },
      "id": "node/11989472808"
    },
    {
      "type": "Feature",
      "properties": {
        "@id": "node/12079027369",
        "highway": "bus_stop"
      },
      "geometry": {
        "type": "Point",
        "coordinates": [
          -89.6258119,
          21.0237605
        ]
      },
      "id": "node/12079027369"
    },
    {
      "type": "Feature",
      "properties": {
        "@id": "node/12088506648",
        "bus": "yes",
        "departures_board": "no",
        "description": "R902, R10002",
        "highway": "bus_stop",
        "name": "Paradero Va y Ven: Kanasín_2460",
        "network": "Ie-tram, Va-y-Ven",
        "operator": "Mobilty ADO",
        "public_transport": "platform",
        "shelter": "yes"
      },
      "geometry": {
        "type": "Point",
        "coordinates": [
          -89.5775783,
          20.9434666
        ]
      },
      "id": "node/12088506648"
    },
    {
      "type": "Feature",
      "properties": {
        "@id": "node/12120618981",
        "bus": "yes",
        "highway": "bus_stop",
        "name": "Parada Va-y-ven",
        "public_transport": "platform"
      },
      "geometry": {
        "type": "Point",
        "coordinates": [
          -89.638326,
          20.9288954
        ]
      },
      "id": "node/12120618981"
    },
    {
      "type": "Feature",
      "properties": {
        "@id": "node/12193766175",
        "bus": "yes",
        "highway": "bus_stop",
        "name": "Parada Va-y-Ven",
        "network": "Va-y-Ven",
        "public_transport": "platform"
      },
      "geometry": {
        "type": "Point",
        "coordinates": [
          -89.6673014,
          20.9374981
        ]
      },
      "id": "node/12193766175"
    },
    {
      "type": "Feature",
      "properties": {
        "@id": "node/12198350233",
        "bus": "yes",
        "description": "R47",
        "highway": "bus_stop",
        "name": "Paradero Va y Ven: T1 IMSS_3273",
        "public_transport": "platform"
      },
      "geometry": {
        "type": "Point",
        "coordinates": [
          -89.603452,
          20.9778894
        ]
      },
      "id": "node/12198350233"
    },
    {
      "type": "Feature",
      "properties": {
        "@id": "node/12254678555",
        "bus": "yes",
        "description": "R107",
        "highway": "bus_stop",
        "name": "Paradero Va y Ven: C-10-A x 53 Fracc Tixcacal Paseos de Mérida_1772",
        "operator": "Va y ven",
        "public_transport": "platform"
      },
      "geometry": {
        "type": "Point",
        "coordinates": [
          -89.7080856,
          20.9324997
        ]
      },
      "id": "node/12254678555"
    },
    {
      "type": "Feature",
      "properties": {
        "@id": "node/12254678556",
        "bus": "yes",
        "description": "R107",
        "highway": "bus_stop",
        "name": "Paradero Va y Ven: C-51 x 8 Fracc. Tixcacal Paseos de Mérida_1771",
        "public_transport": "platform",
        "wheelchair": "yes"
      },
      "geometry": {
        "type": "Point",
        "coordinates": [
          -89.7056926,
          20.9332351
        ]
      },
      "id": "node/12254678556"
    },
    {
      "type": "Feature",
      "properties": {
        "@id": "node/12346114839",
        "bus": "yes",
        "departures_board": "no",
        "highway": "bus_stop",
        "name": "Parada Ex-Fuente Maya",
        "network": "Sistema Metropolitano de Movilidad Amable y Sostenible Va-y-Ven",
        "operator": "Agencia de Transporte de Yucatán ATY",
        "public_transport": "platform",
        "ref": "589",
        "shelter": "yes"
      },
      "geometry": {
        "type": "Point",
        "coordinates": [
          -89.5913026,
          20.9494225
        ]
      },
      "id": "node/12346114839"
    },
    {
      "type": "Feature",
      "properties": {
        "@id": "node/12386632402",
        "alt_name": "Paradero Va y Ven: R77 Parque Fco. de Montejo IV",
        "bus": "yes",
        "description": "R77",
        "highway": "bus_stop",
        "name": "Paradero Va y Ven: Parque Fco. de Montejo IV",
        "public_transport": "platform"
      },
      "geometry": {
        "type": "Point",
        "coordinates": [
          -89.6415998,
          21.0453232
        ]
      },
      "id": "node/12386632402"
    },
    {
      "type": "Feature",
      "properties": {
        "@id": "node/12386632403",
        "alt_name": "Paradero Va y Ven: R76 C-48 x 33 Fracc. Fco. de Montejo V_1158",
        "bus": "yes",
        "description": "R76",
        "highway": "bus_stop",
        "name": "Paradero Va y Ven: C-48 x 33 Fracc. Fco. de Montejo V_1158",
        "public_transport": "platform"
      },
      "geometry": {
        "type": "Point",
        "coordinates": [
          -89.6406284,
          21.04384
        ]
      },
      "id": "node/12386632403"
    },
    {
      "type": "Feature",
      "properties": {
        "@id": "node/12386632404",
        "alt_name": "Paradero Va y Ven: R76 C-36 x 33 Fracc. Fco de Montejo V",
        "bus": "yes",
        "description": "R76",
        "highway": "bus_stop",
        "name": "Paradero Va y Ven: C-36 x 33 Fracc. Fco de Montejo V",
        "public_transport": "platform"
      },
      "geometry": {
        "type": "Point",
        "coordinates": [
          -89.638398,
          21.0437811
        ]
      },
      "id": "node/12386632404"
    },
    {
      "type": "Feature",
      "properties": {
        "@id": "node/12508729639",
        "bus": "yes",
        "highway": "bus_stop",
        "name": "Bodega Aurrerá Los Héroes",
        "public_transport": "platform"
      },
      "geometry": {
        "type": "Point",
        "coordinates": [
          -89.5408812,
          20.9836148
        ]
      },
      "id": "node/12508729639"
    },
    {
      "type": "Feature",
      "properties": {
        "@id": "node/12574965104",
        "bus": "yes",
        "highway": "bus_stop",
        "name": "Real Montejo",
        "public_transport": "platform"
      },
      "geometry": {
        "type": "Point",
        "coordinates": [
          -89.6547546,
          21.0358997
        ]
      },
      "id": "node/12574965104"
    },
    {
      "type": "Feature",
      "properties": {
        "@id": "node/12574965105",
        "bus": "yes",
        "description": "R78, R82, R10001, R10001.7, R10001.8, R10001.9",
        "highway": "bus_stop",
        "name": "Paradero Va y Ven: CRIT_1199",
        "public_transport": "platform"
      },
      "geometry": {
        "type": "Point",
        "coordinates": [
          -89.6525693,
          21.0414499
        ]
      },
      "id": "node/12574965105"
    },
    {
      "type": "Feature",
      "properties": {
        "@id": "node/12579579282",
        "bus": "yes",
        "highway": "bus_stop",
        "name": "Combi a Yucalpetén SEP",
        "public_transport": "platform"
      },
      "geometry": {
        "type": "Point",
        "coordinates": [
          -89.6225455,
          20.963789
        ]
      },
      "id": "node/12579579282"
    },
    {
      "type": "Feature",
      "properties": {
        "@id": "node/12583400267",
        "highway": "bus_stop"
      },
      "geometry": {
        "type": "Point",
        "coordinates": [
          -89.6244171,
          20.9739745
        ]
      },
      "id": "node/12583400267"
    },
    {
      "type": "Feature",
      "properties": {
        "@id": "node/12586027981",
        "bench": "no",
        "bin": "no",
        "bus": "yes",
        "highway": "bus_stop",
        "lit": "no",
        "name": "Paradero para mercado (piñatas)",
        "public_transport": "platform",
        "shelter": "no"
      },
      "geometry": {
        "type": "Point",
        "coordinates": [
          -89.5913019,
          20.9970709
        ]
      },
      "id": "node/12586027981"
    },
    {
      "type": "Feature",
      "properties": {
        "@id": "node/12599814219",
        "bus": "yes",
        "highway": "bus_stop",
        "name": "Colectivos y Urbanos a la IMSS T1",
        "public_transport": "platform"
      },
      "geometry": {
        "type": "Point",
        "coordinates": [
          -89.6194552,
          20.9649237
        ]
      },
      "id": "node/12599814219"
    },
    {
      "type": "Feature",
      "properties": {
        "@id": "node/12679591610",
        "bus": "yes",
        "description": "R902, R906",
        "highway": "bus_stop",
        "name": "Paradero Va y Ven: Mercado Lucas de Gálvez_2793",
        "network": "IE-Tram",
        "operator": "Agencia de Transporte de Yucatán",
        "public_transport": "platform",
        "shelter": "no"
      },
      "geometry": {
        "type": "Point",
        "coordinates": [
          -89.6210567,
          20.9645765
        ]
      },
      "id": "node/12679591610"
    },
    {
      "type": "Feature",
      "properties": {
        "@id": "node/12679591631",
        "bus": "yes",
        "highway": "bus_stop",
        "name": "Paradero Va y Ven: R92 C-67 x 62 y 60 Col. Centro",
        "public_transport": "platform"
      },
      "geometry": {
        "type": "Point",
        "coordinates": [
          -89.6240326,
          20.9635008
        ]
      },
      "id": "node/12679591631"
    },
    {
      "type": "Feature",
      "properties": {
        "@id": "node/12683926829",
        "bus": "yes",
        "description": "R48, R902",
        "highway": "bus_stop",
        "name": "Paradero Va y Ven: C-48 x 51 Col. Centro_971",
        "network": "Sistema de Movilidad Amable y Sostenible Va-y-Ven",
        "operator": "Agencia de Transporte de Yucatán ATY",
        "public_transport": "platform",
        "shelter": "yes"
      },
      "geometry": {
        "type": "Point",
        "coordinates": [
          -89.6139162,
          20.9714391
        ]
      },
      "id": "node/12683926829"
    },
    {
      "type": "Feature",
      "properties": {
        "@id": "node/12683926834",
        "bus": "yes",
        "description": "R47, R68, R111, R112, R902, R903, R906",
        "highway": "bus_stop",
        "name": "Paradero Va y Ven: Museo del Ferrocarril_973",
        "network": "Sistema de Transporte Amable y Sostenible Va-y-Ven",
        "operator": "Agencia de Transporte de Yucatán ATY",
        "public_transport": "platform",
        "shelter": "yes"
      },
      "geometry": {
        "type": "Point",
        "coordinates": [
          -89.6123539,
          20.9765328
        ]
      },
      "id": "node/12683926834"
    },
    {
      "type": "Feature",
      "properties": {
        "@id": "node/12685282026",
        "bus": "yes",
        "highway": "bus_stop",
        "name": "Parada Parque La Plancha",
        "public_transport": "platform"
      },
      "geometry": {
        "type": "Point",
        "coordinates": [
          -89.6134141,
          20.9786059
        ]
      },
      "id": "node/12685282026"
    },
    {
      "type": "Feature",
      "properties": {
        "@id": "node/12685282027",
        "bus": "yes",
        "description": "R55, R61, R63, R64, R68, R902, R906, RE901",
        "highway": "bus_stop",
        "name": "Paradero Va y Ven: Parque La Plancha_746",
        "public_transport": "platform"
      },
      "geometry": {
        "type": "Point",
        "coordinates": [
          -89.6136117,
          20.978486
        ]
      },
      "id": "node/12685282027"
    },
    {
      "type": "Feature",
      "properties": {
        "@id": "node/12685282028",
        "bus": "yes",
        "highway": "bus_stop",
        "name": "Parada C-42 x 41 Col. Lourdes Industrial",
        "public_transport": "platform"
      },
      "geometry": {
        "type": "Point",
        "coordinates": [
          -89.6095141,
          20.9781172
        ]
      },
      "id": "node/12685282028"
    },
    {
      "type": "Feature",
      "properties": {
        "@id": "node/12685282029",
        "bus": "yes",
        "departures_board": "yes",
        "highway": "bus_stop",
        "name": "Estación IE-TRAM (Va y Ven): La Plancha_975",
        "public_transport": "platform",
        "shelter": "yes"
      },
      "geometry": {
        "type": "Point",
        "coordinates": [
          -89.6097724,
          20.9790718
        ]
      },
      "id": "node/12685282029"
    },
    {
      "type": "Feature",
      "properties": {
        "@id": "node/12685734079",
        "bus": "yes",
        "highway": "bus_stop",
        "name": "Paradero Va y Ven: SAT",
        "public_transport": "platform"
      },
      "geometry": {
        "type": "Point",
        "coordinates": [
          -89.6256232,
          21.0229631
        ]
      },
      "id": "node/12685734079"
    },
    {
      "type": "Feature",
      "properties": {
        "@id": "node/12685734080",
        "bus": "yes",
        "highway": "bus_stop",
        "name": "Paradero Va y Ven: SAT",
        "public_transport": "platform"
      },
      "geometry": {
        "type": "Point",
        "coordinates": [
          -89.6260571,
          21.023373
        ]
      },
      "id": "node/12685734080"
    },
    {
      "type": "Feature",
      "properties": {
        "@id": "node/12695425340",
        "bus": "yes",
        "description": "Aquí se puede abordar la ruta 35.",
        "highway": "bus_stop",
        "name": "Paradero Va y Ven: R35 C-63 x 56 y 54 Col. Centro",
        "public_transport": "platform"
      },
      "geometry": {
        "type": "Point",
        "coordinates": [
          -89.620603,
          20.9658827
        ]
      },
      "id": "node/12695425340"
    },
    {
      "type": "Feature",
      "properties": {
        "@id": "node/12695425341",
        "bus": "yes",
        "description": "Aquí se puede abordar la ruta 26.",
        "highway": "bus_stop",
        "name": "Paradero Va y Ven: R26 C-63 x 56 y 54 Col. Centro",
        "public_transport": "platform"
      },
      "geometry": {
        "type": "Point",
        "coordinates": [
          -89.6203716,
          20.9658417
        ]
      },
      "id": "node/12695425341"
    },
    {
      "type": "Feature",
      "properties": {
        "@id": "node/12695425342",
        "bus": "yes",
        "description": "Aquí se puede abordar la ruta 32.",
        "highway": "bus_stop",
        "name": "Paradero Va y Ven: R32 C-63 x 56 y 54 Col. Centro",
        "public_transport": "platform"
      },
      "geometry": {
        "type": "Point",
        "coordinates": [
          -89.6198906,
          20.9657438
        ]
      },
      "id": "node/12695425342"
    },
    {
      "type": "Feature",
      "properties": {
        "@id": "node/12695425343",
        "bus": "yes",
        "description": "Aquí se puede abordar la ruta 31.",
        "highway": "bus_stop",
        "name": "Paradero Va y Ven: R31 C-63 x 56 y 54 Col. Centro",
        "public_transport": "platform"
      },
      "geometry": {
        "type": "Point",
        "coordinates": [
          -89.6197951,
          20.9657342
        ]
      },
      "id": "node/12695425343"
    },
    {
      "type": "Feature",
      "properties": {
        "@id": "node/12695425344",
        "bus": "yes",
        "description": "Aquí se puede abordar la ruta 33.",
        "highway": "bus_stop",
        "name": "Paradero Va y Ven: R33 C-63 x 56 y 54 Col. Centro",
        "public_transport": "platform"
      },
      "geometry": {
        "type": "Point",
        "coordinates": [
          -89.6200403,
          20.9657746
        ]
      },
      "id": "node/12695425344"
    },
    {
      "type": "Feature",
      "properties": {
        "@id": "node/12695429965",
        "bus": "yes",
        "description": "Aquí se puede abordar las rutas: 91, 92, 93, 94, 95, 96 y 98.",
        "highway": "bus_stop",
        "name": "Paradero Va y Ven: Av. Jacinto Canek x Av. Zamná_1406",
        "public_transport": "platform"
      },
      "geometry": {
        "type": "Point",
        "coordinates": [
          -89.6576851,
          20.9857545
        ]
      },
      "id": "node/12695429965"
    },
    {
      "type": "Feature",
      "properties": {
        "@id": "node/12695429966",
        "bus": "yes",
        "description": "Aquí se puede abordar las rutas: 88, 91, 92, 93, 94, 95, 96, 98, 702 y 805.",
        "highway": "bus_stop",
        "name": "Paradero Va y Ven: Av. Jacinto Canek x 58-A_1336",
        "public_transport": "platform"
      },
      "geometry": {
        "type": "Point",
        "coordinates": [
          -89.6577134,
          20.9860726
        ]
      },
      "id": "node/12695429966"
    },
    {
      "type": "Feature",
      "properties": {
        "@id": "node/12695431585",
        "bus": "yes",
        "description": "Aquí se aborda la ruta 67.",
        "highway": "bus_stop",
        "name": "Paradero Va y Ven: Centro de Atención Múltiple",
        "public_transport": "platform"
      },
      "geometry": {
        "type": "Point",
        "coordinates": [
          -89.6104655,
          21.0625298
        ]
      },
      "id": "node/12695431585"
    },
    {
      "type": "Feature",
      "properties": {
        "@id": "node/12695431586",
        "bus": "yes",
        "description": "Aquí se aborda la ruta 67.",
        "highway": "bus_stop",
        "name": "Paradero Va y Ven: Centro de Atención Múltiple",
        "public_transport": "platform"
      },
      "geometry": {
        "type": "Point",
        "coordinates": [
          -89.6108807,
          21.0625786
        ]
      },
      "id": "node/12695431586"
    },
    {
      "type": "Feature",
      "properties": {
        "@id": "node/12695449353",
        "bus": "yes",
        "description": "R702, R805 y R10004",
        "highway": "bus_stop",
        "name": "Paradero Va y Ven: Parque La Amistad",
        "public_transport": "platform"
      },
      "geometry": {
        "type": "Point",
        "coordinates": [
          -89.5955271,
          20.9978202
        ]
      },
      "id": "node/12695449353"
    },
    {
      "type": "Feature",
      "properties": {
        "@id": "node/12695449354",
        "bus": "yes",
        "description": "R702, R805 y R10003",
        "highway": "bus_stop",
        "name": "Paradero Va y Ven: Parque La Amistad",
        "public_transport": "platform"
      },
      "geometry": {
        "type": "Point",
        "coordinates": [
          -89.5955792,
          20.9979203
        ]
      },
      "id": "node/12695449354"
    },
    {
      "type": "Feature",
      "properties": {
        "@id": "node/12695469739",
        "bus": "yes",
        "description": "Ruta 87.",
        "highway": "bus_stop",
        "name": "Paradero Va y Ven: SEGEY",
        "public_transport": "platform"
      },
      "geometry": {
        "type": "Point",
        "coordinates": [
          -89.64165,
          20.9872603
        ]
      },
      "id": "node/12695469739"
    },
    {
      "type": "Feature",
      "properties": {
        "@id": "node/12695469740",
        "bus": "yes",
        "description": "Ruta 85 y 87.",
        "highway": "bus_stop",
        "name": "Paradero Va y Ven: Hospital Regional Benito Juarez IMSS",
        "public_transport": "platform"
      },
      "geometry": {
        "type": "Point",
        "coordinates": [
          -89.6390731,
          20.9871581
        ]
      },
      "id": "node/12695469740"
    },
    {
      "type": "Feature",
      "properties": {
        "@id": "node/12695469741",
        "bus": "yes",
        "description": "Ruta 85.",
        "highway": "bus_stop",
        "name": "Paradero Va y Ven: Hospital Regional Benito Juarez IMSS",
        "public_transport": "platform"
      },
      "geometry": {
        "type": "Point",
        "coordinates": [
          -89.6387641,
          20.9875861
        ]
      },
      "id": "node/12695469741"
    },
    {
      "type": "Feature",
      "properties": {
        "@id": "node/12706424185",
        "bus": "yes",
        "highway": "bus_stop",
        "name": "Paradero Va y Ven: Plaza 300",
        "public_transport": "platform"
      },
      "geometry": {
        "type": "Point",
        "coordinates": [
          -89.6121004,
          21.0613532
        ]
      },
      "id": "node/12706424185"
    },
    {
      "type": "Feature",
      "properties": {
        "@id": "node/12706424186",
        "bus": "yes",
        "highway": "bus_stop",
        "name": "Paradero Va y Ven: Plaza 300",
        "public_transport": "platform"
      },
      "geometry": {
        "type": "Point",
        "coordinates": [
          -89.6119072,
          21.0618761
        ]
      },
      "id": "node/12706424186"
    },
    {
      "type": "Feature",
      "properties": {
        "@id": "node/12706424187",
        "bus": "yes",
        "highway": "bus_stop",
        "name": "Paradero Va y Ven: La Gas Temozón",
        "public_transport": "platform"
      },
      "geometry": {
        "type": "Point",
        "coordinates": [
          -89.6132256,
          21.0594419
        ]
      },
      "id": "node/12706424187"
    },
    {
      "type": "Feature",
      "properties": {
        "@id": "node/12706424188",
        "bus": "yes",
        "highway": "bus_stop",
        "name": "Paradero Va y Ven: Simca",
        "public_transport": "platform"
      },
      "geometry": {
        "type": "Point",
        "coordinates": [
          -89.6131562,
          21.0598354
        ]
      },
      "id": "node/12706424188"
    },
    {
      "type": "Feature",
      "properties": {
        "@id": "node/12706435806",
        "bus": "yes",
        "highway": "bus_stop",
        "name": "Paradero Va y Ven: Plaza Paseo Temozón",
        "public_transport": "platform"
      },
      "geometry": {
        "type": "Point",
        "coordinates": [
          -89.6158475,
          21.0551977
        ]
      },
      "id": "node/12706435806"
    },
    {
      "type": "Feature",
      "properties": {
        "@id": "node/12706435807",
        "bus": "yes",
        "highway": "bus_stop",
        "name": "Paradero Va y Ven: Plaza Paseo Temozón",
        "public_transport": "platform"
      },
      "geometry": {
        "type": "Point",
        "coordinates": [
          -89.6160018,
          21.0551214
        ]
      },
      "id": "node/12706435807"
    },
    {
      "type": "Feature",
      "properties": {
        "@id": "node/12710981337",
        "bus": "yes",
        "description": "R96",
        "highway": "bus_stop",
        "name": "Paradero Va y Ven: R96 C-67 x 62 y 60 Col. Centro_1491",
        "public_transport": "platform"
      },
      "geometry": {
        "type": "Point",
        "coordinates": [
          -89.6239789,
          20.9634983
        ]
      },
      "id": "node/12710981337"
    },
    {
      "type": "Feature",
      "properties": {
        "@id": "node/12710981338",
        "bus": "yes",
        "highway": "bus_stop",
        "name": "Paradero Va y Ven: R91 C-67 x 64 y 62 Col. Centro",
        "public_transport": "platform"
      },
      "geometry": {
        "type": "Point",
        "coordinates": [
          -89.6251831,
          20.9635755
        ]
      },
      "id": "node/12710981338"
    },
    {
      "type": "Feature",
      "properties": {
        "@id": "node/12710981339",
        "bus": "yes",
        "highway": "bus_stop",
        "name": "Paradero Va y Ven: R94 C-67 x 64 y 62 Col. Centro",
        "public_transport": "platform"
      },
      "geometry": {
        "type": "Point",
        "coordinates": [
          -89.6252287,
          20.9635785
        ]
      },
      "id": "node/12710981339"
    },
    {
      "type": "Feature",
      "properties": {
        "@id": "node/12710981340",
        "bus": "yes",
        "highway": "bus_stop",
        "name": "Paradero Va y Ven: R88 C-67 x 62 y 60 Col. Centro",
        "public_transport": "platform"
      },
      "geometry": {
        "type": "Point",
        "coordinates": [
          -89.6244253,
          20.9635271
        ]
      },
      "id": "node/12710981340"
    },
    {
      "type": "Feature",
      "properties": {
        "@id": "node/12712158356",
        "bus": "yes",
        "highway": "bus_stop",
        "name": "Paradero Va y Ven: Juzgados Civiles",
        "public_transport": "platform"
      },
      "geometry": {
        "type": "Point",
        "coordinates": [
          -89.6320335,
          20.9174733
        ]
      },
      "id": "node/12712158356"
    },
    {
      "type": "Feature",
      "properties": {
        "@id": "node/12712158357",
        "bus": "yes",
        "highway": "bus_stop",
        "name": "Paradero Va y Ven: Juzgados Civiles",
        "public_transport": "platform"
      },
      "geometry": {
        "type": "Point",
        "coordinates": [
          -89.6319734,
          20.9173361
        ]
      },
      "id": "node/12712158357"
    },
    {
      "type": "Feature",
      "properties": {
        "@id": "node/12712302219",
        "bus": "yes",
        "description": "Aquí se puede abordar la ruta 72, 73 y 74.",
        "highway": "bus_stop",
        "name": "Paradero Va y Ven: R73 C-63 x 56 Col. Centro",
        "public_transport": "platform"
      },
      "geometry": {
        "type": "Point",
        "coordinates": [
          -89.6214763,
          20.9660488
        ]
      },
      "id": "node/12712302219"
    },
    {
      "type": "Feature",
      "properties": {
        "@id": "node/12727081554",
        "bus": "yes",
        "highway": "bus_stop",
        "name": "Paradero Va y Ven: R107 C-102-A x 67-C Col. Mulsay",
        "public_transport": "platform"
      },
      "geometry": {
        "type": "Point",
        "coordinates": [
          -89.651183,
          20.9594237
        ]
      },
      "id": "node/12727081554"
    },
    {
      "type": "Feature",
      "properties": {
        "@id": "node/12727081555",
        "bus": "yes",
        "highway": "bus_stop",
        "name": "Paradero Va y Ven: R107 Mercado de Mulsay",
        "public_transport": "platform"
      },
      "geometry": {
        "type": "Point",
        "coordinates": [
          -89.6512264,
          20.9623733
        ]
      },
      "id": "node/12727081555"
    },
    {
      "type": "Feature",
      "properties": {
        "@id": "node/12727081556",
        "bus": "yes",
        "highway": "bus_stop",
        "name": "Paradero Va y Ven: R107 Mercado de Mulsay",
        "public_transport": "platform"
      },
      "geometry": {
        "type": "Point",
        "coordinates": [
          -89.6519452,
          20.9621543
        ]
      },
      "id": "node/12727081556"
    },
    {
      "type": "Feature",
      "properties": {
        "@id": "node/12727081561",
        "bus": "yes",
        "highway": "bus_stop",
        "name": "Paradero Va y Ven: R107 C-69 x 58 y 60 Col. Centro",
        "public_transport": "platform"
      },
      "geometry": {
        "type": "Point",
        "coordinates": [
          -89.6234272,
          20.9623145
        ]
      },
      "id": "node/12727081561"
    },
    {
      "type": "Feature",
      "properties": {
        "@id": "node/12745300829",
        "bus": "yes",
        "highway": "bus_stop",
        "public_transport": "platform"
      },
      "geometry": {
        "type": "Point",
        "coordinates": [
          -89.5772829,
          21.0086683
        ]
      },
      "id": "node/12745300829"
    },
    {
      "type": "Feature",
      "properties": {
        "@id": "node/12746031361",
        "bus": "yes",
        "highway": "bus_stop",
        "name": "Taxis Ticul-Merida",
        "public_transport": "platform"
      },
      "geometry": {
        "type": "Point",
        "coordinates": [
          -89.6567263,
          20.9445542
        ]
      },
      "id": "node/12746031361"
    },
    {
      "type": "Feature",
      "properties": {
        "@id": "node/12750455501",
        "highway": "bus_stop",
        "name": "Parada sector F"
      },
      "geometry": {
        "type": "Point",
        "coordinates": [
          -71.1988641,
          8.5696787
        ]
      },
      "id": "node/12750455501"
    },
    {
      "type": "Feature",
      "properties": {
        "@id": "node/12784980017",
        "bus": "yes",
        "description": "R78, R82, R10002, R10002.1",
        "highway": "bus_stop",
        "name": "Paradero Va y Ven: CRIT_1196",
        "network": "Ruta 78, Ruta 82, Ruta Circuito Periférico Interior",
        "operator": "Va y Ven (ATY)",
        "public_transport": "platform"
      },
      "geometry": {
        "type": "Point",
        "coordinates": [
          -89.6515023,
          21.0420519
        ]
      },
      "id": "node/12784980017"
    },
    {
      "type": "Feature",
      "properties": {
        "@id": "node/12784981058",
        "bus": "yes",
        "highway": "bus_stop",
        "name": "Paradero Va y Ven: Real Montejo_1195",
        "network": "Ruta 78, Ruta 82 y Circuito Periférico Interior 10002",
        "operator": "Va y Ven (ATY)",
        "public_transport": "platform"
      },
      "geometry": {
        "type": "Point",
        "coordinates": [
          -89.6542784,
          21.0351988
        ]
      },
      "id": "node/12784981058"
    },
    {
      "type": "Feature",
      "properties": {
        "@id": "node/12837567474",
        "bus": "yes",
        "description": "Ruta 61, Ruta 10004",
        "highway": "bus_stop",
        "name": "Paradero Va y Ven: Chedraui Selecto Kalia_772",
        "public_transport": "platform"
      },
      "geometry": {
        "type": "Point",
        "coordinates": [
          -89.5962475,
          21.0194174
        ]
      },
      "id": "node/12837567474"
    },
    {
      "type": "Feature",
      "properties": {
        "@id": "node/12837567475",
        "bus": "yes",
        "description": "Rutas: 61, R10003, R10003.3, R10003.4, R10003.5, R10003.6 y R10003.7",
        "highway": "bus_stop",
        "name": "Paradero Va y Ven: Chedraui Selecto Kalia_785",
        "public_transport": "platform"
      },
      "geometry": {
        "type": "Point",
        "coordinates": [
          -89.5958095,
          21.0194083
        ]
      },
      "id": "node/12837567475"
    },
    {
      "type": "Feature",
      "properties": {
        "@id": "node/12837567476",
        "bus": "yes",
        "description": "Rutas: 61, R10003, R10003.3, R10003.4, R10003.5, R10003.6 y R10003.7",
        "highway": "bus_stop",
        "name": "Paradero Va y Ven: Glorieta Kalia_786",
        "public_transport": "platform"
      },
      "geometry": {
        "type": "Point",
        "coordinates": [
          -89.5980477,
          21.0204091
        ]
      },
      "id": "node/12837567476"
    },
    {
      "type": "Feature",
      "properties": {
        "@id": "node/12837567477",
        "bus": "yes",
        "description": "Ruta 61, Ruta 10004",
        "highway": "bus_stop",
        "name": "Paradero Va y Ven: Glorieta Kalia_771",
        "public_transport": "platform"
      },
      "geometry": {
        "type": "Point",
        "coordinates": [
          -89.5986092,
          21.0204172
        ]
      },
      "id": "node/12837567477"
    },
    {
      "type": "Feature",
      "properties": {
        "@id": "node/12837578362",
        "bus": "yes",
        "description": "Ruta 61",
        "highway": "bus_stop",
        "name": "Paradero Va y Ven: R61 C-52 x 65 y 63 Col. Centro_750",
        "public_transport": "platform"
      },
      "geometry": {
        "type": "Point",
        "coordinates": [
          -89.6180661,
          20.9651493
        ]
      },
      "id": "node/12837578362"
    },
    {
      "type": "Feature",
      "properties": {
        "@id": "node/12856800820",
        "bus": "yes",
        "departures_board": "no",
        "highway": "bus_stop",
        "name": "Parada C-58 x 51 Col. Reparto Granjas",
        "network": "Sistema Metropolitano de Movilidad Amable y Sostenible Va-y-Vem",
        "operator": "Agencia de Transporte de Yucatán ATY",
        "public_transport": "platform",
        "ref": "443",
        "shelter": "yes"
      },
      "geometry": {
        "type": "Point",
        "coordinates": [
          -89.59279,
          20.9350094
        ]
      },
      "id": "node/12856800820"
    },
    {
      "type": "Feature",
      "properties": {
        "@id": "node/12856800821",
        "bus": "yes",
        "departures_board": "no",
        "highway": "bus_stop",
        "name": "Parada C-58 x 16 Col. Reparto Granjas",
        "network": "Sistema Metropolitano de Movilidad Amable y Sostenible Va-y-Vem",
        "operator": "Agencia de Transporte de Yucatán ATY",
        "public_transport": "platform",
        "ref": "410",
        "shelter": "yes"
      },
      "geometry": {
        "type": "Point",
        "coordinates": [
          -89.5929083,
          20.9348934
        ]
      },
      "id": "node/12856800821"
    },
    {
      "type": "Feature",
      "properties": {
        "@id": "node/12856800824",
        "bus": "yes",
        "departures_board": "no",
        "highway": "bus_stop",
        "name": "Parada Ex-Fuente Maya",
        "network": "Sistema Metropolitano de Movilidad Amable y Sostenible Va-y-Ven",
        "operator": "Agencia de Transporte de Yucatán ATY",
        "public_transport": "platform",
        "ref": "540",
        "shelter": "yes"
      },
      "geometry": {
        "type": "Point",
        "coordinates": [
          -89.5918468,
          20.9495202
        ]
      },
      "id": "node/12856800824"
    },
    {
      "type": "Feature",
      "properties": {
        "@id": "node/12875769930",
        "bus": "yes",
        "description": "Paradero Ruta 87 Petronila.\nPasa frente a SEGEY de García Ginerés de la C. 26 entre 36 y 38.",
        "highway": "bus_stop",
        "name": "Paradero Va y Ven: R87 C-67 x 62 y 60 Col. Centro",
        "public_transport": "platform"
      },
      "geometry": {
        "type": "Point",
        "coordinates": [
          -89.6243733,
          20.9635235
        ]
      },
      "id": "node/12875769930"
    },
    {
      "type": "Feature",
      "properties": {
        "@id": "node/12888071471",
        "bus": "yes",
        "description": "Ruta 64 y 903",
        "highway": "bus_stop",
        "name": "Paradero Va y Ven: Plaza Villas La Hacienda_856",
        "public_transport": "platform"
      },
      "geometry": {
        "type": "Point",
        "coordinates": [
          -89.6190617,
          21.0197662
        ]
      },
      "id": "node/12888071471"
    },
    {
      "type": "Feature",
      "properties": {
        "@id": "node/12888071472",
        "bus": "yes",
        "description": "Ruta 64 y 903",
        "highway": "bus_stop",
        "name": "Paradero Va y Ven: Plaza Peninsula_878",
        "public_transport": "platform"
      },
      "geometry": {
        "type": "Point",
        "coordinates": [
          -89.6198743,
          21.0203993
        ]
      },
      "id": "node/12888071472"
    },
    {
      "type": "Feature",
      "properties": {
        "@id": "node/12888071473",
        "bus": "yes",
        "description": "Ruta 61, 64 y 903",
        "highway": "bus_stop",
        "name": "Paradero Va y Ven: Villas Hacienda_793",
        "public_transport": "platform"
      },
      "geometry": {
        "type": "Point",
        "coordinates": [
          -89.6185042,
          21.0187552
        ]
      },
      "id": "node/12888071473"
    },
    {
      "type": "Feature",
      "properties": {
        "@id": "node/12888071474",
        "bus": "yes",
        "description": "Ruta 61",
        "highway": "bus_stop",
        "name": "Paradero Va y Ven: Av. Cámara de Comercio x Prol. Paseo Montejo_764",
        "public_transport": "platform"
      },
      "geometry": {
        "type": "Point",
        "coordinates": [
          -89.617986,
          21.0192613
        ]
      },
      "id": "node/12888071474"
    },
    {
      "type": "Feature",
      "properties": {
        "@id": "node/12888071484",
        "bus": "yes",
        "description": "Ruta 61, 64 y 903",
        "highway": "bus_stop",
        "name": "Paradero Va y Ven: Villas Hacienda_763",
        "public_transport": "platform"
      },
      "geometry": {
        "type": "Point",
        "coordinates": [
          -89.6179808,
          21.0184709
        ]
      },
      "id": "node/12888071484"
    },
    {
      "type": "Feature",
      "properties": {
        "@id": "node/12890245446",
        "bus": "yes",
        "description": "Ruta 64",
        "highway": "bus_stop",
        "name": "Paradero Va y Ven: R64 C-52 x 63 y 61 Col. Centro_851",
        "public_transport": "platform"
      },
      "geometry": {
        "type": "Point",
        "coordinates": [
          -89.6177736,
          20.9663633
        ]
      },
      "id": "node/12890245446"
    },
    {
      "type": "Feature",
      "properties": {
        "@id": "node/12890245447",
        "bus": "yes",
        "description": "Ruta 64",
        "highway": "bus_stop",
        "name": "Paradero Va y Ven: R63 C-52 x 63 y 61 Col. Centro_804",
        "public_transport": "platform"
      },
      "geometry": {
        "type": "Point",
        "coordinates": [
          -89.6178291,
          20.9661043
        ]
      },
      "id": "node/12890245447"
    },
    {
      "type": "Feature",
      "properties": {
        "@id": "node/12890245448",
        "bus": "yes",
        "description": "Rutas: R42, RE903, RE902, R905, R906",
        "highway": "bus_stop",
        "name": "Paradero Va y Ven: C-59 x 50 Col. Centro_2794",
        "public_transport": "platform"
      },
      "geometry": {
        "type": "Point",
        "coordinates": [
          -89.6167367,
          20.9676552
        ]
      },
      "id": "node/12890245448"
    },
    {
      "type": "Feature",
      "properties": {
        "@id": "node/12890245449",
        "bus": "yes",
        "description": "Rutas: R55, R61, R63, R64, R70, RE906",
        "highway": "bus_stop",
        "name": "Paradero Va y Ven: Mejorada_749",
        "public_transport": "platform"
      },
      "geometry": {
        "type": "Point",
        "coordinates": [
          -89.6161304,
          20.9685152
        ]
      },
      "id": "node/12890245449"
    },
    {
      "type": "Feature",
      "properties": {
        "@id": "node/12890273188",
        "bus": "yes",
        "description": "Rutas: R61, R64, RE903",
        "highway": "bus_stop",
        "name": "Paradero Va y Ven: Circuito Colonias Norte_802",
        "public_transport": "platform"
      },
      "geometry": {
        "type": "Point",
        "coordinates": [
          -89.6163528,
          20.9964845
        ]
      },
      "id": "node/12890273188"
    },
    {
      "type": "Feature",
      "properties": {
        "@id": "node/12890273192",
        "bus": "yes",
        "description": "Rutas: R61, R64, RE903",
        "highway": "bus_stop",
        "name": "Paradero Va y Ven: Circuito Colonias Norte_753",
        "public_transport": "platform"
      },
      "geometry": {
        "type": "Point",
        "coordinates": [
          -89.6159671,
          20.9975002
        ]
      },
      "id": "node/12890273192"
    },
    {
      "type": "Feature",
      "properties": {
        "@id": "node/12917903522",
        "bus": "yes",
        "highway": "bus_stop",
        "name": "Taxis Ticul-Merida",
        "public_transport": "platform"
      },
      "geometry": {
        "type": "Point",
        "coordinates": [
          -89.6785984,
          20.9296757
        ]
      },
      "id": "node/12917903522"
    },
    {
      "type": "Feature",
      "properties": {
        "@id": "node/12917903561",
        "bus": "yes",
        "highway": "bus_stop",
        "name": "Taxis Ticul-Merida",
        "public_transport": "platform"
      },
      "geometry": {
        "type": "Point",
        "coordinates": [
          -89.6506352,
          20.9481924
        ]
      },
      "id": "node/12917903561"
    },
    {
      "type": "Feature",
      "properties": {
        "@id": "node/12917903562",
        "bus": "yes",
        "highway": "bus_stop",
        "name": "Taxis Ticul-Merida",
        "public_transport": "platform"
      },
      "geometry": {
        "type": "Point",
        "coordinates": [
          -89.647181,
          20.9506394
        ]
      },
      "id": "node/12917903562"
    },
    {
      "type": "Feature",
      "properties": {
        "@id": "node/12917903565",
        "bus": "yes",
        "highway": "bus_stop",
        "name": "Taxis Ticul-Merida",
        "public_transport": "platform"
      },
      "geometry": {
        "type": "Point",
        "coordinates": [
          -89.6441493,
          20.9540009
        ]
      },
      "id": "node/12917903565"
    },
    {
      "type": "Feature",
      "properties": {
        "@id": "node/12917903574",
        "bus": "yes",
        "highway": "bus_stop",
        "name": "Taxis Ticul-Merida",
        "public_transport": "platform"
      },
      "geometry": {
        "type": "Point",
        "coordinates": [
          -89.6417638,
          20.9606242
        ]
      },
      "id": "node/12917903574"
    },
    {
      "type": "Feature",
      "properties": {
        "@id": "node/12917903575",
        "bus": "yes",
        "highway": "bus_stop",
        "name": "Taxis Ticul-Merida",
        "public_transport": "platform"
      },
      "geometry": {
        "type": "Point",
        "coordinates": [
          -89.6309146,
          20.9617538
        ]
      },
      "id": "node/12917903575"
    },
    {
      "type": "Feature",
      "properties": {
        "@id": "node/12948862228",
        "bus": "yes",
        "description": "Ruta 82",
        "highway": "bus_stop",
        "name": "Paradero Va y Ven: C-63-A x Anillo Periférico_1249",
        "public_transport": "platform"
      },
      "geometry": {
        "type": "Point",
        "coordinates": [
          -89.6582256,
          21.0228128
        ]
      },
      "id": "node/12948862228"
    },
    {
      "type": "Feature",
      "properties": {
        "@id": "node/12948862229",
        "bus": "yes",
        "description": "Ruta 82",
        "highway": "bus_stop",
        "name": "Paradero Va y Ven: C-63 A x 54 Fracc. Camara de la Construccion_1236",
        "public_transport": "platform"
      },
      "geometry": {
        "type": "Point",
        "coordinates": [
          -89.6569067,
          21.0220442
        ]
      },
      "id": "node/12948862229"
    },
    {
      "type": "Feature",
      "properties": {
        "@id": "node/12948862230",
        "bus": "yes",
        "description": "Ruta 75 y 78",
        "highway": "bus_stop",
        "name": "Paradero Va y Ven: Preparatoria Estatal No. 8_1139",
        "public_transport": "platform",
        "shelter": "yes"
      },
      "geometry": {
        "type": "Point",
        "coordinates": [
          -89.6523153,
          21.0337364
        ]
      },
      "id": "node/12948862230"
    },
    {
      "type": "Feature",
      "properties": {
        "@id": "node/12948862231",
        "bus": "yes",
        "description": "Ruta 75",
        "highway": "bus_stop",
        "name": "Paradero Va y Ven: Carr. San Antonio Ool x Anillo Periférico_1122",
        "public_transport": "platform"
      },
      "geometry": {
        "type": "Point",
        "coordinates": [
          -89.6567309,
          21.0339052
        ]
      },
      "id": "node/12948862231"
    },
    {
      "type": "Feature",
      "properties": {
        "@id": "node/12948862232",
        "bus": "yes",
        "description": "Ruta 75",
        "highway": "bus_stop",
        "name": "Paradero Va y Ven: Carr. San Antonio Ool x Anillo Periférico_1138",
        "public_transport": "platform"
      },
      "geometry": {
        "type": "Point",
        "coordinates": [
          -89.6564829,
          21.0335098
        ]
      },
      "id": "node/12948862232"
    },
    {
      "type": "Feature",
      "properties": {
        "@id": "node/12949418243",
        "bus": "yes",
        "description": "R10004, R10004.1, R10004.2, R10003",
        "highway": "bus_stop",
        "name": "Paradero Va y Ven: Glorieta La Mestiza_2550",
        "public_transport": "platform",
        "shelter": "yes"
      },
      "geometry": {
        "type": "Point",
        "coordinates": [
          -89.6465262,
          21.0308294
        ]
      },
      "id": "node/12949418243"
    },
    {
      "type": "Feature",
      "properties": {
        "@id": "node/12949819733",
        "bus": "yes",
        "highway": "bus_stop",
        "name": "Paradero Va y Ven: R82 C-58 x 59 y 61 Col. Centro_2740",
        "public_transport": "platform"
      },
      "geometry": {
        "type": "Point",
        "coordinates": [
          -89.6217095,
          20.96804
        ]
      },
      "id": "node/12949819733"
    },
    {
      "type": "Feature",
      "properties": {
        "@id": "node/12949819734",
        "bus": "yes",
        "highway": "bus_stop",
        "name": "Paradero Va y Ven: R75 C-58 x 59 y 61 Col. Centro_2736",
        "public_transport": "platform"
      },
      "geometry": {
        "type": "Point",
        "coordinates": [
          -89.6217894,
          20.9676345
        ]
      },
      "id": "node/12949819734"
    },
    {
      "type": "Feature",
      "properties": {
        "@id": "node/12949819735",
        "bus": "yes",
        "highway": "bus_stop",
        "name": "Paradero Va y Ven: R67 C-58 x 59 y 61 Col.Centro_2735",
        "public_transport": "platform"
      },
      "geometry": {
        "type": "Point",
        "coordinates": [
          -89.621776,
          20.9676946
        ]
      },
      "id": "node/12949819735"
    },
    {
      "type": "Feature",
      "properties": {
        "@id": "node/12949819736",
        "bus": "yes",
        "highway": "bus_stop",
        "name": "Paradero Va y Ven: R76 C-58 x 59 y 61 Col. Centro_2737",
        "public_transport": "platform"
      },
      "geometry": {
        "type": "Point",
        "coordinates": [
          -89.6217591,
          20.9677798
        ]
      },
      "id": "node/12949819736"
    },
    {
      "type": "Feature",
      "properties": {
        "@id": "node/12949819737",
        "bus": "yes",
        "highway": "bus_stop",
        "name": "Paradero Va y Ven: R77 C-58 x 59 y 61 Col. Centro_2738",
        "public_transport": "platform"
      },
      "geometry": {
        "type": "Point",
        "coordinates": [
          -89.6217371,
          20.9678813
        ]
      },
      "id": "node/12949819737"
    },
    {
      "type": "Feature",
      "properties": {
        "@id": "node/12949863934",
        "bus": "yes",
        "description": "Rutas:\nR69, R70, R71, R72, R73, R74, R76, R77, R78, R85, R807, R808",
        "highway": "bus_stop",
        "name": "Paradero Va y Ven: La Chaya Maya_950",
        "public_transport": "platform"
      },
      "geometry": {
        "type": "Point",
        "coordinates": [
          -89.6242332,
          20.9700874
        ]
      },
      "id": "node/12949863934"
    },
    {
      "type": "Feature",
      "properties": {
        "@id": "node/12955340604",
        "bus": "yes",
        "highway": "bus_stop",
        "name": "Paradero Ex Facultad de Psicología",
        "public_transport": "platform"
      },
      "geometry": {
        "type": "Point",
        "coordinates": [
          -89.6203908,
          20.9647848
        ]
      },
      "id": "node/12955340604"
    },
    {
      "type": "Feature",
      "properties": {
        "@id": "node/12998481769",
        "bus": "yes",
        "highway": "bus_stop",
        "public_transport": "platform"
      },
      "geometry": {
        "type": "Point",
        "coordinates": [
          -71.1872768,
          8.5675635
        ]
      },
      "id": "node/12998481769"
    },
    {
      "type": "Feature",
      "properties": {
        "@id": "node/13016580958",
        "bus": "yes",
        "description": "R13 y R10004",
        "highway": "bus_stop",
        "name": "Paradero Va y Ven: IMSS 42 Sur_2576",
        "public_transport": "platform"
      },
      "geometry": {
        "type": "Point",
        "coordinates": [
          -89.6079835,
          20.9278702
        ]
      },
      "id": "node/13016580958"
    },
    {
      "type": "Feature",
      "properties": {
        "@id": "node/13016580959",
        "bus": "yes",
        "description": "R16, R18 Y R10003",
        "highway": "bus_stop",
        "name": "Paradero Va y Ven: IMSS 42 Sur_352",
        "public_transport": "platform"
      },
      "geometry": {
        "type": "Point",
        "coordinates": [
          -89.6077755,
          20.9282242
        ]
      },
      "id": "node/13016580959"
    },
    {
      "type": "Feature",
      "properties": {
        "@id": "node/13016580960",
        "bus": "yes",
        "description": "R16, R18 Y R10003",
        "highway": "bus_stop",
        "name": "Paradero Va y Ven: IMSS UMF No.58_325",
        "public_transport": "platform"
      },
      "geometry": {
        "type": "Point",
        "coordinates": [
          -89.607925,
          20.9283048
        ]
      },
      "id": "node/13016580960"
    },
    {
      "type": "Feature",
      "properties": {
        "@id": "node/13016580961",
        "bus": "yes",
        "description": "R18",
        "highway": "bus_stop",
        "name": "Paradero Va y Ven: R18 C-54 x 65 y 67 Col. Centro_2734",
        "public_transport": "platform"
      },
      "geometry": {
        "type": "Point",
        "coordinates": [
          -89.6196752,
          20.9639962
        ]
      },
      "id": "node/13016580961"
    },
    {
      "type": "Feature",
      "properties": {
        "@id": "node/13016580962",
        "bus": "yes",
        "description": "R20",
        "highway": "bus_stop",
        "name": "Paradero Va y Ven: R20 C-54 x 65 y 67 Col. Centro_2733",
        "public_transport": "platform"
      },
      "geometry": {
        "type": "Point",
        "coordinates": [
          -89.6196936,
          20.963881
        ]
      },
      "id": "node/13016580962"
    },
    {
      "type": "Feature",
      "properties": {
        "@id": "node/13016580963",
        "bus": "yes",
        "description": "R16",
        "highway": "bus_stop",
        "name": "Paradero Va y Ven: R16 C-54 x 65 y 67 Col. Centro_2732",
        "public_transport": "platform"
      },
      "geometry": {
        "type": "Point",
        "coordinates": [
          -89.6197251,
          20.9637338
        ]
      },
      "id": "node/13016580963"
    },
    {
      "type": "Feature",
      "properties": {
        "@id": "node/13019353557",
        "bus": "yes",
        "description": "R16, R18",
        "highway": "bus_stop",
        "name": "Paradero Va y Ven: Unidad Habitacional Militar_326",
        "public_transport": "platform"
      },
      "geometry": {
        "type": "Point",
        "coordinates": [
          -89.6072862,
          20.9261721
        ]
      },
      "id": "node/13019353557"
    },
    {
      "type": "Feature",
      "properties": {
        "@id": "node/13019353558",
        "bus": "yes",
        "description": "R13, R16, R18",
        "highway": "bus_stop",
        "name": "Paradero Va y Ven: Unidad Habitacional Militar_351",
        "public_transport": "platform"
      },
      "geometry": {
        "type": "Point",
        "coordinates": [
          -89.6069972,
          20.9256154
        ]
      },
      "id": "node/13019353558"
    },
    {
      "type": "Feature",
      "properties": {
        "@id": "node/13019533666",
        "bus": "yes",
        "description": "R61",
        "highway": "bus_stop",
        "name": "Paradero Va y Ven: C-17 x 28 Col. Itzimna_752",
        "public_transport": "platform"
      },
      "geometry": {
        "type": "Point",
        "coordinates": [
          -89.616035,
          20.9945997
        ]
      },
      "id": "node/13019533666"
    },
    {
      "type": "Feature",
      "properties": {
        "@id": "node/13020277508",
        "bus": "yes",
        "description": "R64",
        "highway": "bus_stop",
        "name": "Paradero Va y Ven: Monumento A la Patria_853",
        "public_transport": "platform"
      },
      "geometry": {
        "type": "Point",
        "coordinates": [
          -89.6169728,
          20.9884204
        ]
      },
      "id": "node/13020277508"
    },
    {
      "type": "Feature",
      "properties": {
        "@id": "node/13020277509",
        "bus": "yes",
        "description": "R64, R70, R807",
        "highway": "bus_stop",
        "name": "Paradero Va y Ven: Pan Montejo_854",
        "public_transport": "platform"
      },
      "geometry": {
        "type": "Point",
        "coordinates": [
          -89.6165558,
          20.9905589
        ]
      },
      "id": "node/13020277509"
    },
    {
      "type": "Feature",
      "properties": {
        "@id": "node/13020277510",
        "bus": "yes",
        "description": "R903",
        "highway": "bus_stop",
        "name": "Paradero Va y Ven: Porsche Centre Merida_2797",
        "public_transport": "platform"
      },
      "geometry": {
        "type": "Point",
        "coordinates": [
          -89.6166819,
          20.9911352
        ]
      },
      "id": "node/13020277510"
    },
    {
      "type": "Feature",
      "properties": {
        "@id": "node/13020277511",
        "bus": "yes",
        "description": "R70, R807",
        "highway": "bus_stop",
        "name": "Paradero Va y Ven: C-58-A x 31 Col. Centro_3027",
        "public_transport": "platform"
      },
      "geometry": {
        "type": "Point",
        "coordinates": [
          -89.6186927,
          20.9880417
        ]
      },
      "id": "node/13020277511"
    },
    {
      "type": "Feature",
      "properties": {
        "@id": "node/13020277512",
        "bus": "yes",
        "description": "R903",
        "highway": "bus_stop",
        "name": "Paradero Va y Ven: Paseo Montejo x 29_2798",
        "public_transport": "platform"
      },
      "geometry": {
        "type": "Point",
        "coordinates": [
          -89.6171572,
          20.988774
        ]
      },
      "id": "node/13020277512"
    },
    {
      "type": "Feature",
      "properties": {
        "@id": "node/13021449882",
        "bus": "yes",
        "description": "R64, R702, R805",
        "highway": "bus_stop",
        "name": "Paradero Va y Ven: Walmart Paseo de Montejo_852",
        "public_transport": "platform"
      },
      "geometry": {
        "type": "Point",
        "coordinates": [
          -89.616544,
          20.9856232
        ]
      },
      "id": "node/13021449882"
    },
    {
      "type": "Feature",
      "properties": {
        "@id": "node/13021449883",
        "bus": "yes",
        "description": "R68, R111, R112",
        "highway": "bus_stop",
        "name": "Paradero Va y Ven: C-42 x 41 Col. Lourdes Industrial_974",
        "public_transport": "platform"
      },
      "geometry": {
        "type": "Point",
        "coordinates": [
          -89.6094134,
          20.9788593
        ]
      },
      "id": "node/13021449883"
    },
    {
      "type": "Feature",
      "properties": {
        "@id": "node/13021449884",
        "bus": "yes",
        "description": "R903",
        "highway": "bus_stop",
        "name": "Paradero Va y Ven: Paseo Montejo x Av. Colon_2799",
        "public_transport": "platform"
      },
      "geometry": {
        "type": "Point",
        "coordinates": [
          -89.6178169,
          20.9852737
        ]
      },
      "id": "node/13021449884"
    },
    {
      "type": "Feature",
      "properties": {
        "@id": "node/13021449885",
        "bus": "yes",
        "description": "R903",
        "highway": "bus_stop",
        "name": "Paradero Va y Ven: Ford Montejo_2796",
        "public_transport": "platform"
      },
      "geometry": {
        "type": "Point",
        "coordinates": [
          -89.616613,
          20.9927765
        ]
      },
      "id": "node/13021449885"
    },
    {
      "type": "Feature",
      "properties": {
        "@id": "node/13021449886",
        "bus": "yes",
        "description": "R64, R70, R807, R903",
        "highway": "bus_stop",
        "name": "Paradero Va y Ven: Prol. Paseo de Montejo x 19_855",
        "public_transport": "platform"
      },
      "geometry": {
        "type": "Point",
        "coordinates": [
          -89.6163732,
          20.9935906
        ]
      },
      "id": "node/13021449886"
    },
    {
      "type": "Feature",
      "properties": {
        "@id": "node/13021561556",
        "bus": "yes",
        "description": "R26, R31, R32, R33, R34, R35, R36, R703, R806",
        "highway": "bus_stop",
        "name": "Paradero Va y Ven: Plaza Oriente_486",
        "public_transport": "platform"
      },
      "geometry": {
        "type": "Point",
        "coordinates": [
          -89.5910907,
          20.9594036
        ]
      },
      "id": "node/13021561556"
    },
    {
      "type": "Feature",
      "properties": {
        "@id": "node/13021561557",
        "bus": "yes",
        "description": "R703",
        "highway": "bus_stop",
        "name": "Paradero Va y Ven: SEMUJERES Cto. Colonias_2217",
        "public_transport": "platform"
      },
      "geometry": {
        "type": "Point",
        "coordinates": [
          -89.5919009,
          20.9584775
        ]
      },
      "id": "node/13021561557"
    },
    {
      "type": "Feature",
      "properties": {
        "@id": "node/13021561558",
        "bus": "yes",
        "description": "R703, R703.1",
        "highway": "bus_stop",
        "name": "Paradero Va y Ven: SEMUJERES Cto. Colonias_2200",
        "public_transport": "platform"
      },
      "geometry": {
        "type": "Point",
        "coordinates": [
          -89.5917413,
          20.9582596
        ]
      },
      "id": "node/13021561558"
    },
    {
      "type": "Feature",
      "properties": {
        "@id": "node/13021561565",
        "bus": "yes",
        "description": "R26, R31, R32, R33, R34, R35, R36, R41",
        "highway": "bus_stop",
        "name": "Paradero Va y Ven: Plaza Oriente C-63-C_485",
        "public_transport": "platform"
      },
      "geometry": {
        "type": "Point",
        "coordinates": [
          -89.5926434,
          20.9606183
        ]
      },
      "id": "node/13021561565"
    },
    {
      "type": "Feature",
      "properties": {
        "@id": "node/13023935027",
        "bus": "yes",
        "description": "R96",
        "highway": "bus_stop",
        "name": "Paradero Va y Ven: Animaya_1516",
        "public_transport": "platform"
      },
      "geometry": {
        "type": "Point",
        "coordinates": [
          -89.6919933,
          20.9826453
        ]
      },
      "id": "node/13023935027"
    },
    {
      "type": "Feature",
      "properties": {
        "@id": "node/13023935031",
        "bus": "yes",
        "description": "R96",
        "highway": "bus_stop",
        "name": "Paradero Va y Ven: C-60 x 95 Animaya_1517",
        "public_transport": "platform"
      },
      "geometry": {
        "type": "Point",
        "coordinates": [
          -89.6915027,
          20.9852515
        ]
      },
      "id": "node/13023935031"
    },
    {
      "type": "Feature",
      "properties": {
        "@id": "node/13023935032",
        "bus": "yes",
        "description": "R96",
        "highway": "bus_stop",
        "name": "Paradero Va y Ven: Animaya_1502",
        "public_transport": "platform"
      },
      "geometry": {
        "type": "Point",
        "coordinates": [
          -89.6921624,
          20.9835316
        ]
      },
      "id": "node/13023935032"
    },
    {
      "type": "Feature",
      "properties": {
        "@id": "node/13023935035",
        "bus": "yes",
        "description": "R96",
        "highway": "bus_stop",
        "name": "Paradero Va y Ven: C-64-A x 95 Fracc. Ciudad Caucel_1504",
        "public_transport": "platform"
      },
      "geometry": {
        "type": "Point",
        "coordinates": [
          -89.6961049,
          20.9861589
        ]
      },
      "id": "node/13023935035"
    },
    {
      "type": "Feature",
      "properties": {
        "@id": "node/13026013611",
        "bus": "yes",
        "description": "R90, R91, R92, R93, R94, R95, R96, R98",
        "highway": "bus_stop",
        "name": "Paradero Va y Ven: Hospital General Agustin O´Horan_1410",
        "public_transport": "platform",
        "shelter": "no"
      },
      "geometry": {
        "type": "Point",
        "coordinates": [
          -89.6406836,
          20.9752728
        ]
      },
      "id": "node/13026013611"
    },
    {
      "type": "Feature",
      "properties": {
        "@id": "node/13026013612",
        "bus": "yes",
        "description": "R90, R91, R92, R93, R94, R95, R96, R98",
        "highway": "bus_stop",
        "name": "Paradero Va y Ven: Hospital General Agustin O´Horan_1363",
        "public_transport": "platform",
        "shelter": "no"
      },
      "geometry": {
        "type": "Point",
        "coordinates": [
          -89.6414451,
          20.9760408
        ]
      },
      "id": "node/13026013612"
    },
    {
      "type": "Feature",
      "properties": {
        "@id": "node/13026013613",
        "bus": "yes",
        "description": "R90, R91, R92, R93, R94, R95, R96, R98",
        "highway": "bus_stop",
        "name": "Paradero Va y Ven: Tribunal Superior de Justicia_1364",
        "public_transport": "platform"
      },
      "geometry": {
        "type": "Point",
        "coordinates": [
          -89.6439896,
          20.9776382
        ]
      },
      "id": "node/13026013613"
    },
    {
      "type": "Feature",
      "properties": {
        "@id": "node/13026013614",
        "bus": "yes",
        "description": "R88, R104, R905, R906",
        "highway": "bus_stop",
        "name": "Paradero Va y Ven: Parque de la Paz_1328",
        "public_transport": "platform"
      },
      "geometry": {
        "type": "Point",
        "coordinates": [
          -89.6406759,
          20.9730014
        ]
      },
      "id": "node/13026013614"
    },
    {
      "type": "Feature",
      "properties": {
        "@id": "node/13026013615",
        "bus": "yes",
        "description": "R88, R90, R91, R92, R93, R94, R95, R96, R98, R104, R905, R906",
        "highway": "bus_stop",
        "name": "Paradero Va y Ven: CEUM_1357",
        "public_transport": "platform"
      },
      "geometry": {
        "type": "Point",
        "coordinates": [
          -89.6399953,
          20.9713252
        ]
      },
      "id": "node/13026013615"
    },
    {
      "type": "Feature",
      "properties": {
        "@id": "node/13026013616",
        "bus": "yes",
        "description": "R90, R91, R92, R93, R94, R95",
        "highway": "bus_stop",
        "name": "Paradero Va y Ven: Centenario_1362",
        "public_transport": "platform"
      },
      "geometry": {
        "type": "Point",
        "coordinates": [
          -89.640821,
          20.9698521
        ]
      },
      "id": "node/13026013616"
    },
    {
      "type": "Feature",
      "properties": {
        "@id": "node/13026013617",
        "bus": "yes",
        "description": "R88, R90, R91, R92, R93, R94, R95, R96, R98, R104, R906",
        "highway": "bus_stop",
        "name": "Paradero Va y Ven: Escuela Primaria Eligio Ancona_1359",
        "public_transport": "platform"
      },
      "geometry": {
        "type": "Point",
        "coordinates": [
          -89.6350162,
          20.9705294
        ]
      },
      "id": "node/13026013617"
    },
    {
      "type": "Feature",
      "properties": {
        "@id": "node/13026013618",
        "bus": "yes",
        "description": "R88, R90, R91, R92, R93, R94, R95, R96, R98, R104, R906",
        "highway": "bus_stop",
        "name": "Paradero Va y Ven: Super Akí Centenario_1358",
        "public_transport": "platform"
      },
      "geometry": {
        "type": "Point",
        "coordinates": [
          -89.6376529,
          20.970952
        ]
      },
      "id": "node/13026013618"
    },
    {
      "type": "Feature",
      "properties": {
        "@id": "node/13026013619",
        "bus": "yes",
        "description": "R88",
        "highway": "bus_stop",
        "name": "Paradero Va y Ven: Super Aki Centenario C-84_1326",
        "public_transport": "platform"
      },
      "geometry": {
        "type": "Point",
        "coordinates": [
          -89.6388826,
          20.9709618
        ]
      },
      "id": "node/13026013619"
    },
    {
      "type": "Feature",
      "properties": {
        "@id": "node/13026013620",
        "bus": "yes",
        "description": "R96, R98, R104",
        "highway": "bus_stop",
        "name": "Paradero Va y Ven: C-80 x 59 Col. Centro_1494",
        "public_transport": "platform"
      },
      "geometry": {
        "type": "Point",
        "coordinates": [
          -89.636187,
          20.9704689
        ]
      },
      "id": "node/13026013620"
    },
    {
      "type": "Feature",
      "properties": {
        "@id": "node/13026016251",
        "bus": "yes",
        "description": "R90, R91, R92, R93, R94, R95, R96, R98",
        "highway": "bus_stop",
        "name": "Paradero Va y Ven: Tribunal Superior de Justicia_1409",
        "public_transport": "platform"
      },
      "geometry": {
        "type": "Point",
        "coordinates": [
          -89.644399,
          20.9777177
        ]
      },
      "id": "node/13026016251"
    },
    {
      "type": "Feature",
      "properties": {
        "@id": "node/13026016252",
        "bus": "yes",
        "description": "R87",
        "highway": "bus_stop",
        "name": "Paradero Va y Ven: Av. Abogada Antonia Jimenez Trava x 43_1296",
        "public_transport": "platform"
      },
      "geometry": {
        "type": "Point",
        "coordinates": [
          -89.6428616,
          20.9818482
        ]
      },
      "id": "node/13026016252"
    },
    {
      "type": "Feature",
      "properties": {
        "@id": "node/13030315482",
        "bus": "yes",
        "description": "R90, R93",
        "highway": "bus_stop",
        "name": "Paradero Va y Ven: R90 C-67 x 64 y 62 Col. Centro_3057",
        "public_transport": "platform"
      },
      "geometry": {
        "type": "Point",
        "coordinates": [
          -89.6262954,
          20.963654
        ]
      },
      "id": "node/13030315482"
    },
    {
      "type": "Feature",
      "properties": {
        "@id": "node/13030315483",
        "alt_name": "R87, R88, R90, R91, R92, R93, R94, R95, R96, R97, R98",
        "bus": "yes",
        "description": "R87, R88, R90, R91, R92, R93, R94, R95, R96, R97, R98",
        "highway": "bus_stop",
        "name": "Paradero Va y Ven: C-65 x 68 Col. Centro_1285",
        "public_transport": "platform"
      },
      "geometry": {
        "type": "Point",
        "coordinates": [
          -89.6275457,
          20.9661073
        ]
      },
      "id": "node/13030315483"
    },
    {
      "type": "Feature",
      "properties": {
        "@id": "node/13030315484",
        "bus": "yes",
        "description": "R87, R88, R90, R91, R92, R93, R94, R95, R96, R98, R104",
        "highway": "bus_stop",
        "name": "Paradero Va y Ven: C-66 x 63 Col. Centro_1321",
        "public_transport": "platform"
      },
      "geometry": {
        "type": "Point",
        "coordinates": [
          -89.6270838,
          20.9679237
        ]
      },
      "id": "node/13030315484"
    },
    {
      "type": "Feature",
      "properties": {
        "@id": "node/13030318966",
        "bus": "yes",
        "description": "R90, R93",
        "highway": "bus_stop",
        "name": "Paradero Va y Ven: R93 C-67 x 64 y 62 Col. Centro_2741",
        "public_transport": "platform"
      },
      "geometry": {
        "type": "Point",
        "coordinates": [
          -89.6262767,
          20.9636487
        ]
      },
      "id": "node/13030318966"
    },
    {
      "type": "Feature",
      "properties": {
        "@id": "node/13030318968",
        "bus": "yes",
        "description": "R98",
        "highway": "bus_stop",
        "name": "Paradero Va y Ven: R98 C-67 x 64 y 62 Col. Centro_2743",
        "public_transport": "platform"
      },
      "geometry": {
        "type": "Point",
        "coordinates": [
          -89.6258461,
          20.9636241
        ]
      },
      "id": "node/13030318968"
    },
    {
      "type": "Feature",
      "properties": {
        "@id": "node/13030454305",
        "bus": "yes",
        "description": "R703, R703.1, R806, R10003, R10003.1, R10003.2",
        "highway": "bus_stop",
        "name": "Paradero Va y Ven: Cbtis 95_2191",
        "public_transport": "platform"
      },
      "geometry": {
        "type": "Point",
        "coordinates": [
          -89.5979477,
          20.9398605
        ]
      },
      "id": "node/13030454305"
    },
    {
      "type": "Feature",
      "properties": {
        "@id": "node/13030454306",
        "bus": "yes",
        "description": "R703, R703.1, R806, R10003, R10003.1, R10003.2",
        "highway": "bus_stop",
        "name": "Paradero Va y Ven: Parque Kukulcán Alamo_2192",
        "public_transport": "platform"
      },
      "geometry": {
        "type": "Point",
        "coordinates": [
          -89.5962826,
          20.9398619
        ]
      },
      "id": "node/13030454306"
    },
    {
      "type": "Feature",
      "properties": {
        "@id": "node/13030454307",
        "bus": "yes",
        "description": "R703, R703.1",
        "highway": "bus_stop",
        "name": "Paradero Va y Ven: Poliforum Zamná_2193",
        "public_transport": "platform"
      },
      "geometry": {
        "type": "Point",
        "coordinates": [
          -89.5946065,
          20.9398594
        ]
      },
      "id": "node/13030454307"
    },
    {
      "type": "Feature",
      "properties": {
        "@id": "node/13030454308",
        "bus": "yes",
        "description": "R703",
        "highway": "bus_stop",
        "name": "Paradero Va y Ven: Poliforum Zamná_2224",
        "public_transport": "platform"
      },
      "geometry": {
        "type": "Point",
        "coordinates": [
          -89.5951148,
          20.9400396
        ]
      },
      "id": "node/13030454308"
    },
    {
      "type": "Feature",
      "properties": {
        "@id": "node/13030454309",
        "bus": "yes",
        "description": "R703, R703.1, R806, R10003, R10003.1, R10003.2, R10003.3",
        "highway": "bus_stop",
        "name": "Paradero Va y Ven: Plaza Kukulcán_2194",
        "public_transport": "platform"
      },
      "geometry": {
        "type": "Point",
        "coordinates": [
          -89.592743,
          20.9412647
        ]
      },
      "id": "node/13030454309"
    },
    {
      "type": "Feature",
      "properties": {
        "@id": "node/13030454310",
        "bus": "yes",
        "description": "R703, R703.1, R806, R10003, R10003.1, R10003.2, R10003.3",
        "highway": "bus_stop",
        "name": "Paradero Va y Ven: Complejo Deportivo Kukulcán_2195",
        "public_transport": "platform"
      },
      "geometry": {
        "type": "Point",
        "coordinates": [
          -89.592639,
          20.9439702
        ]
      },
      "id": "node/13030454310"
    },
    {
      "type": "Feature",
      "properties": {
        "@id": "node/13030454311",
        "bus": "yes",
        "description": "R703, R703.1, R806, R10003, R10003.1, R10003.2, R10003.3",
        "highway": "bus_stop",
        "name": "Paradero Va y Ven: Estadio Carlos Iturralde_2196",
        "public_transport": "platform"
      },
      "geometry": {
        "type": "Point",
        "coordinates": [
          -89.5925238,
          20.9457784
        ]
      },
      "id": "node/13030454311"
    },
    {
      "type": "Feature",
      "properties": {
        "@id": "node/13030454312",
        "bus": "yes",
        "description": "R703, R703.1",
        "highway": "bus_stop",
        "name": "Paradero Va y Ven: Módulo Médico Cto. Colonias_2197",
        "public_transport": "platform"
      },
      "geometry": {
        "type": "Point",
        "coordinates": [
          -89.5924729,
          20.9470879
        ]
      },
      "id": "node/13030454312"
    },
    {
      "type": "Feature",
      "properties": {
        "@id": "node/13030454313",
        "bus": "yes",
        "description": "R703",
        "highway": "bus_stop",
        "name": "Paradero Va y Ven: JAPAY Pozo Kukulkan_2220",
        "public_transport": "platform"
      },
      "geometry": {
        "type": "Point",
        "coordinates": [
          -89.5926159,
          20.9477604
        ]
      },
      "id": "node/13030454313"
    },
    {
      "type": "Feature",
      "properties": {
        "@id": "node/13030454314",
        "bus": "yes",
        "description": "R703, R806, R10004, R10004.4, R10004.5, R10004.6",
        "highway": "bus_stop",
        "name": "Paradero Va y Ven: Estadio Carlos Iturralde_2221",
        "public_transport": "platform"
      },
      "geometry": {
        "type": "Point",
        "coordinates": [
          -89.5927795,
          20.9453598
        ]
      },
      "id": "node/13030454314"
    },
    {
      "type": "Feature",
      "properties": {
        "@id": "node/13030454315",
        "bus": "yes",
        "description": "R703, R806, R10004, R10004.4, R10004.5, R10004.6",
        "highway": "bus_stop",
        "name": "Paradero Va y Ven: Complejo Deportivo Kukulcán_2222",
        "public_transport": "platform"
      },
      "geometry": {
        "type": "Point",
        "coordinates": [
          -89.5928617,
          20.9434442
        ]
      },
      "id": "node/13030454315"
    },
    {
      "type": "Feature",
      "properties": {
        "@id": "node/13030454316",
        "bus": "yes",
        "description": "R703, R806, R10004, R10004.4, R10004.5, R10004.6, R10004.7",
        "highway": "bus_stop",
        "name": "Paradero Va y Ven: Plaza Kukulcán_2223",
        "public_transport": "platform"
      },
      "geometry": {
        "type": "Point",
        "coordinates": [
          -89.5929763,
          20.9410669
        ]
      },
      "id": "node/13030454316"
    },
    {
      "type": "Feature",
      "properties": {
        "@id": "node/13030454317",
        "bus": "yes",
        "description": "R703, R806, R10004, R10004.4, R10004.5, R10004.6, R10004.7",
        "highway": "bus_stop",
        "name": "Paradero Va y Ven: Parque Kukulcán Alamo_2225",
        "public_transport": "platform"
      },
      "geometry": {
        "type": "Point",
        "coordinates": [
          -89.5966188,
          20.9400065
        ]
      },
      "id": "node/13030454317"
    },
    {
      "type": "Feature",
      "properties": {
        "@id": "node/13030454318",
        "bus": "yes",
        "description": "R23, R25",
        "highway": "bus_stop",
        "name": "Paradero Va y Ven: Parque Kukulcán Álamo_445",
        "public_transport": "platform"
      },
      "geometry": {
        "type": "Point",
        "coordinates": [
          -89.5968823,
          20.9404169
        ]
      },
      "id": "node/13030454318"
    },
    {
      "type": "Feature",
      "properties": {
        "@id": "node/13030454319",
        "bus": "yes",
        "description": "R21, R23, R25",
        "highway": "bus_stop",
        "name": "Paradero Va y Ven: Parque Kukulcán Álamo_407",
        "public_transport": "platform"
      },
      "geometry": {
        "type": "Point",
        "coordinates": [
          -89.5970972,
          20.9406189
        ]
      },
      "id": "node/13030454319"
    },
    {
      "type": "Feature",
      "properties": {
        "@id": "node/13030454320",
        "bus": "yes",
        "description": "R21, R23, R25",
        "highway": "bus_stop",
        "name": "Paradero Va y Ven: C-28 x 16 Ote. Fracc. Unidad Morelos_406",
        "public_transport": "platform"
      },
      "geometry": {
        "type": "Point",
        "coordinates": [
          -89.5978737,
          20.9426536
        ]
      },
      "id": "node/13030454320"
    },
    {
      "type": "Feature",
      "properties": {
        "@id": "node/13030454321",
        "bus": "yes",
        "description": "R21, R703, R806, R10004, R10004.4, R10004.5, R10004.6, R10004.7",
        "highway": "bus_stop",
        "name": "Paradero Va y Ven: Cbtis 95_2226",
        "public_transport": "platform"
      },
      "geometry": {
        "type": "Point",
        "coordinates": [
          -89.5982837,
          20.940009
        ]
      },
      "id": "node/13030454321"
    },
    {
      "type": "Feature",
      "properties": {
        "@id": "node/13030555786",
        "bus": "yes",
        "description": "R23",
        "highway": "bus_stop",
        "name": "Paradero Va y Ven: R23 C-71 x 54 y 52 Col. Centro_398",
        "public_transport": "platform"
      },
      "geometry": {
        "type": "Point",
        "coordinates": [
          -89.6201312,
          20.9604176
        ]
      },
      "id": "node/13030555786"
    },
    {
      "type": "Feature",
      "properties": {
        "@id": "node/13030555787",
        "bus": "yes",
        "description": "R13, R16, R18, R20, R21, R23, R25",
        "highway": "bus_stop",
        "name": "Paradero Va y Ven: Instituto Municipal de la Mujer_165",
        "public_transport": "platform"
      },
      "geometry": {
        "type": "Point",
        "coordinates": [
          -89.6185056,
          20.9599432
        ]
      },
      "id": "node/13030555787"
    },
    {
      "type": "Feature",
      "properties": {
        "@id": "node/13030555797",
        "bus": "yes",
        "description": "R16, R18, R20, R21, R23, R25",
        "highway": "bus_stop",
        "name": "Paradero Va y Ven: C-69 x 50 Col. Centro_362",
        "public_transport": "platform"
      },
      "geometry": {
        "type": "Point",
        "coordinates": [
          -89.6174761,
          20.9609779
        ]
      },
      "id": "node/13030555797"
    },
    {
      "type": "Feature",
      "properties": {
        "@id": "node/13030566020",
        "bus": "yes",
        "description": "R21",
        "highway": "bus_stop",
        "name": "Paradero Va y Ven: R21 C-54 x 67 y 69 Col. Centro_2677",
        "public_transport": "platform"
      },
      "geometry": {
        "type": "Point",
        "coordinates": [
          -89.6200766,
          20.9624947
        ]
      },
      "id": "node/13030566020"
    },
    {
      "type": "Feature",
      "properties": {
        "@id": "node/13030566021",
        "bus": "yes",
        "description": "R25",
        "highway": "bus_stop",
        "name": "Paradero Va y Ven: R25 C-54 x 67 y 69 Col. Centro_2679",
        "public_transport": "platform"
      },
      "geometry": {
        "type": "Point",
        "coordinates": [
          -89.6200543,
          20.9625882
        ]
      },
      "id": "node/13030566021"
    },
    {
      "type": "Feature",
      "properties": {
        "@id": "node/13030566022",
        "bus": "yes",
        "description": "R22",
        "highway": "bus_stop",
        "name": "Paradero Va y Ven: R22 C-54 x 67 y 69 Col. Centro_2678",
        "public_transport": "platform"
      },
      "geometry": {
        "type": "Point",
        "coordinates": [
          -89.6201192,
          20.9623476
        ]
      },
      "id": "node/13030566022"
    },
    {
      "type": "Feature",
      "properties": {
        "@id": "node/13030566023",
        "bus": "yes",
        "description": "R12",
        "highway": "bus_stop",
        "name": "Paradero Va y Ven: R12 C-54 x 67 y 69 Col. Centro_2676",
        "public_transport": "platform"
      },
      "geometry": {
        "type": "Point",
        "coordinates": [
          -89.6201702,
          20.9620983
        ]
      },
      "id": "node/13030566023"
    },
    {
      "type": "Feature",
      "properties": {
        "@id": "node/13030566024",
        "bus": "yes",
        "description": "R10",
        "highway": "bus_stop",
        "name": "Paradero Va y Ven: R10 C-54 x 67 y 69 Col. Centro_209",
        "public_transport": "platform"
      },
      "geometry": {
        "type": "Point",
        "coordinates": [
          -89.6202279,
          20.9619117
        ]
      },
      "id": "node/13030566024"
    },
    {
      "type": "Feature",
      "properties": {
        "@id": "node/13030566025",
        "bus": "yes",
        "description": "R906",
        "highway": "bus_stop",
        "name": "Paradero Va y Ven: Parada Circuito Enlace 2_2837",
        "public_transport": "platform"
      },
      "geometry": {
        "type": "Point",
        "coordinates": [
          -89.6205922,
          20.9618704
        ]
      },
      "id": "node/13030566025"
    },
    {
      "type": "Feature",
      "properties": {
        "@id": "node/13030566026",
        "bus": "yes",
        "description": "R108, R803",
        "highway": "bus_stop",
        "name": "Paradero Va y Ven: R108 C-56 x 71 y 69 Col. Centro_164",
        "public_transport": "platform"
      },
      "geometry": {
        "type": "Point",
        "coordinates": [
          -89.6213417,
          20.9618418
        ]
      },
      "id": "node/13030566026"
    },
    {
      "type": "Feature",
      "properties": {
        "@id": "node/13030566027",
        "bus": "yes",
        "description": "R114",
        "highway": "bus_stop",
        "name": "Paradero Va y Ven: R114 C-56 x 71 y 69 Col. Centro_2697",
        "public_transport": "platform"
      },
      "geometry": {
        "type": "Point",
        "coordinates": [
          -89.6213602,
          20.9617094
        ]
      },
      "id": "node/13030566027"
    },
    {
      "type": "Feature",
      "properties": {
        "@id": "node/13030566028",
        "bus": "yes",
        "description": "R115",
        "highway": "bus_stop",
        "name": "Paradero Va y Ven: R115 C-56 x 71 y 69 Col. Centro_255",
        "public_transport": "platform"
      },
      "geometry": {
        "type": "Point",
        "coordinates": [
          -89.6213925,
          20.9615886
        ]
      },
      "id": "node/13030566028"
    },
    {
      "type": "Feature",
      "properties": {
        "@id": "node/13030566029",
        "bus": "yes",
        "description": "R111, R112",
        "highway": "bus_stop",
        "name": "Paradero Va y Ven: R111 C-54 x 63 y 65-A Col. Centro_3149",
        "public_transport": "platform"
      },
      "geometry": {
        "type": "Point",
        "coordinates": [
          -89.619521,
          20.9646939
        ]
      },
      "id": "node/13030566029"
    },
    {
      "type": "Feature",
      "properties": {
        "@id": "node/13030566030",
        "bus": "yes",
        "description": "R47, R49, R809",
        "highway": "bus_stop",
        "name": "Paradero Va y Ven: R47 C-54 x 63 y 65-A Col. Centro_3232",
        "public_transport": "platform"
      },
      "geometry": {
        "type": "Point",
        "coordinates": [
          -89.6194237,
          20.9651037
        ]
      },
      "id": "node/13030566030"
    },
    {
      "type": "Feature",
      "properties": {
        "@id": "node/13030566031",
        "bus": "yes",
        "description": "R47",
        "highway": "bus_stop",
        "name": "Paradero Va y Ven: Unidad Medica de Alta Especialidad UMAE IMSS_3241",
        "public_transport": "platform"
      },
      "geometry": {
        "type": "Point",
        "coordinates": [
          -89.602332,
          20.9796723
        ]
      },
      "id": "node/13030566031"
    },
    {
      "type": "Feature",
      "properties": {
        "@id": "node/13030566032",
        "bus": "yes",
        "description": "R47",
        "highway": "bus_stop",
        "name": "Paradero Va y Ven: Escuela Tecnica No. 1 Silvio Zavala Vallado_3240",
        "public_transport": "platform"
      },
      "geometry": {
        "type": "Point",
        "coordinates": [
          -89.6023914,
          20.9777823
        ]
      },
      "id": "node/13030566032"
    },
    {
      "type": "Feature",
      "properties": {
        "@id": "node/13030566033",
        "bus": "yes",
        "description": "R47",
        "highway": "bus_stop",
        "name": "Paradero Va y Ven: T1 IMSS x C-30 Fracc. El Fenix_3272",
        "public_transport": "platform"
      },
      "geometry": {
        "type": "Point",
        "coordinates": [
          -89.6026757,
          20.978069
        ]
      },
      "id": "node/13030566033"
    },
    {
      "type": "Feature",
      "properties": {
        "@id": "node/13030566034",
        "bus": "yes",
        "description": "R47",
        "highway": "bus_stop",
        "name": "Paradero Va y Ven: Club Preparatoriano_3239",
        "public_transport": "platform"
      },
      "geometry": {
        "type": "Point",
        "coordinates": [
          -89.5996255,
          20.9773129
        ]
      },
      "id": "node/13030566034"
    },
    {
      "type": "Feature",
      "properties": {
        "@id": "node/13030566035",
        "bus": "yes",
        "description": "R43, R44, R49, R809",
        "highway": "bus_stop",
        "name": "Paradero Va y Ven: Centro Institucional de Lenguas (CIL) - UADY_2918",
        "public_transport": "platform"
      },
      "geometry": {
        "type": "Point",
        "coordinates": [
          -89.59863,
          20.9775839
        ]
      },
      "id": "node/13030566035"
    },
    {
      "type": "Feature",
      "properties": {
        "@id": "node/13030566036",
        "bus": "yes",
        "description": "R47",
        "highway": "bus_stop",
        "name": "Paradero Va y Ven: C-41-A x 30 Col. Industrial_3238",
        "public_transport": "platform"
      },
      "geometry": {
        "type": "Point",
        "coordinates": [
          -89.6032466,
          20.9767883
        ]
      },
      "id": "node/13030566036"
    },
    {
      "type": "Feature",
      "properties": {
        "@id": "node/13030566037",
        "bus": "yes",
        "description": "R47",
        "highway": "bus_stop",
        "name": "Paradero Va y Ven: C-30 x 35 Fracc. San Luis_3271",
        "public_transport": "platform"
      },
      "geometry": {
        "type": "Point",
        "coordinates": [
          -89.6020221,
          20.9816807
        ]
      },
      "id": "node/13030566037"
    },
    {
      "type": "Feature",
      "properties": {
        "@id": "node/13030566038",
        "bus": "yes",
        "description": "R47",
        "highway": "bus_stop",
        "name": "Paradero Va y Ven: Parque Adolfo López Mateos_3245",
        "public_transport": "platform"
      },
      "geometry": {
        "type": "Point",
        "coordinates": [
          -89.5999091,
          20.9833928
        ]
      },
      "id": "node/13030566038"
    },
    {
      "type": "Feature",
      "properties": {
        "@id": "node/13030566039",
        "bus": "yes",
        "description": "R47",
        "highway": "bus_stop",
        "name": "Paradero Va y Ven: Parque Adolfo López Mateos_3270",
        "public_transport": "platform"
      },
      "geometry": {
        "type": "Point",
        "coordinates": [
          -89.6000539,
          20.9830922
        ]
      },
      "id": "node/13030566039"
    },
    {
      "type": "Feature",
      "properties": {
        "@id": "node/13030566040",
        "bus": "yes",
        "description": "R43, R44, R49, R809",
        "highway": "bus_stop",
        "name": "Paradero Va y Ven: Plaza Sendero_2909",
        "public_transport": "platform"
      },
      "geometry": {
        "type": "Point",
        "coordinates": [
          -89.5983429,
          20.9773077
        ]
      },
      "id": "node/13030566040"
    },
    {
      "type": "Feature",
      "properties": {
        "@id": "node/13030607973",
        "alt_name": "Paradero Va y Ven: Plaza The Harbor_928 R67, R68, R70, R73, R74, R402, R807, R903",
        "bus": "yes",
        "description": "R67, R68, R70, R73, R74, R402, R807, R903",
        "highway": "bus_stop",
        "name": "Paradero Va y Ven: Plaza The Harbor_928",
        "public_transport": "platform"
      },
      "geometry": {
        "type": "Point",
        "coordinates": [
          -89.629952,
          21.0463675
        ]
      },
      "id": "node/13030607973"
    },
    {
      "type": "Feature",
      "properties": {
        "@id": "node/13030640399",
        "alt_name": "Paradero Va y Ven: R76 C-40 x 39 Fracc. Fco. de Montejo III_1156",
        "bus": "yes",
        "highway": "bus_stop",
        "name": "Paradero Va y Ven: C-40 x 39 Fracc. Fco. de Montejo III_1156",
        "public_transport": "platform"
      },
      "geometry": {
        "type": "Point",
        "coordinates": [
          -89.6398021,
          21.0418801
        ]
      },
      "id": "node/13030640399"
    },
    {
      "type": "Feature",
      "properties": {
        "@id": "node/13030640400",
        "bus": "yes",
        "description": "R71, R72, R808",
        "highway": "bus_stop",
        "name": "Paradero Va y Ven: C-50 x 29 Fracc. Fco. de Montejo_1016",
        "public_transport": "platform"
      },
      "geometry": {
        "type": "Point",
        "coordinates": [
          -89.6403698,
          21.0456525
        ]
      },
      "id": "node/13030640400"
    },
    {
      "type": "Feature",
      "properties": {
        "@id": "node/13030648701",
        "bus": "yes",
        "description": "R71, R72, R808",
        "highway": "bus_stop",
        "name": "Paradero Va y Ven: C-50 x 29 Fracc. Fco. de Montejo_1032",
        "public_transport": "platform"
      },
      "geometry": {
        "type": "Point",
        "coordinates": [
          -89.6405282,
          21.0457254
        ]
      },
      "id": "node/13030648701"
    },
    {
      "type": "Feature",
      "properties": {
        "@id": "node/13030650394",
        "alt_name": "Paradero Va y Ven: Plaza The Harbor_902 R67, R68, R70, R73, R74, R402, R807, R903",
        "bus": "yes",
        "description": "R67, R68, R70, R73, R74, R402, R807, R903",
        "highway": "bus_stop",
        "name": "Paradero Va y Ven: Plaza The Harbor_902",
        "public_transport": "platform"
      },
      "geometry": {
        "type": "Point",
        "coordinates": [
          -89.6293575,
          21.045354
        ]
      },
      "id": "node/13030650394"
    },
    {
      "type": "Feature",
      "properties": {
        "@id": "node/13033939660",
        "bus": "yes",
        "description": "R90, R91, R92, R93, R94, R95, R96",
        "highway": "bus_stop",
        "name": "Paradero Va y Ven: Walmart Caucel_1370",
        "public_transport": "platform"
      },
      "geometry": {
        "type": "Point",
        "coordinates": [
          -89.6746388,
          20.9965254
        ]
      },
      "id": "node/13033939660"
    },
    {
      "type": "Feature",
      "properties": {
        "@id": "node/13033939661",
        "bus": "yes",
        "description": "R90, R91, R92, R93, R94, R95, R96",
        "highway": "bus_stop",
        "name": "Paradero Va y Ven: Walmart Caucel_1400",
        "public_transport": "platform"
      },
      "geometry": {
        "type": "Point",
        "coordinates": [
          -89.6749612,
          20.9963868
        ]
      },
      "id": "node/13033939661"
    },
    {
      "type": "Feature",
      "properties": {
        "@id": "node/13033939662",
        "bus": "yes",
        "description": "R10002, R10002.1",
        "highway": "bus_stop",
        "name": "Paradero Va y Ven: Jacinto Canek_2447",
        "public_transport": "platform"
      },
      "geometry": {
        "type": "Point",
        "coordinates": [
          -89.6735371,
          20.9944696
        ]
      },
      "id": "node/13033939662"
    },
    {
      "type": "Feature",
      "properties": {
        "@id": "node/13033939663",
        "bus": "yes",
        "description": "R82, R10001, R10001.7, R10001.8, R10001.9",
        "highway": "bus_stop",
        "name": "Paradero Va y Ven: Jacinto Canek_1246",
        "public_transport": "platform"
      },
      "geometry": {
        "type": "Point",
        "coordinates": [
          -89.6729742,
          20.9966186
        ]
      },
      "id": "node/13033939663"
    },
    {
      "type": "Feature",
      "properties": {
        "@id": "node/13033940490",
        "bus": "yes",
        "description": "R90, R91, R92, R93, R94, R95, R96",
        "highway": "bus_stop",
        "name": "Paradero Va y Ven: Av. Jacinto Canek x 59_1369",
        "public_transport": "platform"
      },
      "geometry": {
        "type": "Point",
        "coordinates": [
          -89.6712156,
          20.9943879
        ]
      },
      "id": "node/13033940490"
    },
    {
      "type": "Feature",
      "properties": {
        "@id": "node/13033940491",
        "bus": "yes",
        "description": "R90, R91, R92, R93, R94, R95, R96, R98",
        "highway": "bus_stop",
        "name": "Paradero Va y Ven: Monumento Jacinto Canek_1401",
        "public_transport": "platform"
      },
      "geometry": {
        "type": "Point",
        "coordinates": [
          -89.6707581,
          20.9938631
        ]
      },
      "id": "node/13033940491"
    },
    {
      "type": "Feature",
      "properties": {
        "@id": "node/13033940492",
        "bus": "yes",
        "description": "R98",
        "highway": "bus_stop",
        "name": "Paradero Va y Ven: C-140 x 59-B Fracc. Nora Quintana_1571",
        "public_transport": "platform"
      },
      "geometry": {
        "type": "Point",
        "coordinates": [
          -89.6718024,
          20.994026
        ]
      },
      "id": "node/13033940492"
    },
    {
      "type": "Feature",
      "properties": {
        "@id": "node/13034929711",
        "bus": "yes",
        "description": "R61, R64, R70, R807, R903",
        "highway": "bus_stop",
        "name": "Paradero Va y Ven: Walmart Express Campestre_759",
        "public_transport": "platform"
      },
      "geometry": {
        "type": "Point",
        "coordinates": [
          -89.6141671,
          21.0138406
        ]
      },
      "id": "node/13034929711"
    },
    {
      "type": "Feature",
      "properties": {
        "@id": "node/13034929712",
        "bus": "yes",
        "description": "R61, R64, R70, R807, R903",
        "highway": "bus_stop",
        "name": "Paradero Va y Ven: Prol. Paseo de Montejo x 23_760",
        "public_transport": "platform"
      },
      "geometry": {
        "type": "Point",
        "coordinates": [
          -89.614724,
          21.0145052
        ]
      },
      "id": "node/13034929712"
    },
    {
      "type": "Feature",
      "properties": {
        "@id": "node/13034929713",
        "bus": "yes",
        "description": "R61, R64, R70, R807, R903",
        "highway": "bus_stop",
        "name": "Paradero Va y Ven: Campestre_795",
        "public_transport": "platform"
      },
      "geometry": {
        "type": "Point",
        "coordinates": [
          -89.6149962,
          21.014514
        ]
      },
      "id": "node/13034929713"
    },
    {
      "type": "Feature",
      "properties": {
        "@id": "node/13034929714",
        "bus": "yes",
        "description": "R61, R64, R70, R807, R903",
        "highway": "bus_stop",
        "name": "Paradero Va y Ven: BAIC Campestre_762",
        "public_transport": "platform"
      },
      "geometry": {
        "type": "Point",
        "coordinates": [
          -89.6173736,
          21.0177612
        ]
      },
      "id": "node/13034929714"
    },
    {
      "type": "Feature",
      "properties": {
        "@id": "node/13034929715",
        "bus": "yes",
        "description": "R61, R64, R70, R807, R903",
        "highway": "bus_stop",
        "name": "Paradero Va y Ven: Club Campestre de Yucatan_794",
        "public_transport": "platform"
      },
      "geometry": {
        "type": "Point",
        "coordinates": [
          -89.6166161,
          21.0164813
        ]
      },
      "id": "node/13034929715"
    },
    {
      "type": "Feature",
      "properties": {
        "@id": "node/13034974888",
        "bus": "yes",
        "description": "R67, R68, R69, R71, R72, R73, R74, R75, R76, R77, R82, R808, R10004, R10004.1, R10004.2, R10004.3",
        "highway": "bus_stop",
        "name": "Paradero Va y Ven: Instituto Tecnológico de Mérida_895",
        "public_transport": "platform"
      },
      "geometry": {
        "type": "Point",
        "coordinates": [
          -89.6237802,
          21.0120763
        ]
      },
      "id": "node/13034974888"
    },
    {
      "type": "Feature",
      "properties": {
        "@id": "node/13034974889",
        "bus": "yes",
        "description": "R67, R68, R69, R72, R73, R74, R75",
        "highway": "bus_stop",
        "name": "Paradero Va y Ven: Av. Tecnológico x 19-A_937",
        "public_transport": "platform"
      },
      "geometry": {
        "type": "Point",
        "coordinates": [
          -89.6242046,
          21.0128201
        ]
      },
      "id": "node/13034974889"
    },
    {
      "type": "Feature",
      "properties": {
        "@id": "node/13034974890",
        "bus": "yes",
        "description": "R67, R68, R69, R71, R72, R73, R74, R75, R808, R10004, R10004.1, R10004.2, R10004.3",
        "highway": "bus_stop",
        "name": "Paradero Va y Ven: Av. Tecnológico x 15_896",
        "public_transport": "platform"
      },
      "geometry": {
        "type": "Point",
        "coordinates": [
          -89.6243999,
          21.0157562
        ]
      },
      "id": "node/13034974890"
    },
    {
      "type": "Feature",
      "properties": {
        "@id": "node/13034974891",
        "bus": "yes",
        "description": "R67, R68, R69, R72, R73, R74, R75, R10003",
        "highway": "bus_stop",
        "name": "Paradero Va y Ven: Instituto Tecnológico de Mérida_936",
        "public_transport": "platform"
      },
      "geometry": {
        "type": "Point",
        "coordinates": [
          -89.6246583,
          21.0153827
        ]
      },
      "id": "node/13034974891"
    },
    {
      "type": "Feature",
      "properties": {
        "@id": "node/13034974892",
        "bus": "yes",
        "description": "R67, R68, R69, R71, R72, R73, R74, R75, R76, R77, R82, R808",
        "highway": "bus_stop",
        "name": "Paradero Va y Ven: Walmart Tecnológico_894",
        "public_transport": "platform"
      },
      "geometry": {
        "type": "Point",
        "coordinates": [
          -89.6233625,
          21.0093195
        ]
      },
      "id": "node/13034974892"
    },
    {
      "type": "Feature",
      "properties": {
        "@id": "node/13034974893",
        "bus": "yes",
        "description": "R67, R68, R69, R71, R72, R73, R74, R75, R76, R77, R82, R808",
        "highway": "bus_stop",
        "name": "Paradero Va y Ven: Walmart Tecnológico_938",
        "public_transport": "platform"
      },
      "geometry": {
        "type": "Point",
        "coordinates": [
          -89.6236145,
          21.0092271
        ]
      },
      "id": "node/13034974893"
    },
    {
      "type": "Feature",
      "properties": {
        "@id": "node/13036262578",
        "bus": "yes",
        "description": "R68, R78, R85",
        "highway": "bus_stop",
        "name": "Paradero Va y Ven: R68 C-61 x 54 Col. Centro_969",
        "public_transport": "platform"
      },
      "geometry": {
        "type": "Point",
        "coordinates": [
          -89.6202134,
          20.9670682
        ]
      },
      "id": "node/13036262578"
    },
    {
      "type": "Feature",
      "properties": {
        "@id": "node/13036580796",
        "bus": "yes",
        "description": "R67, R68, R69, R70, R71, R72, R73, R74, R75, R76, R77, R82, R807, R808",
        "highway": "bus_stop",
        "name": "Paradero Va y Ven: Centro Internacional de Congresos_945",
        "public_transport": "platform"
      },
      "geometry": {
        "type": "Point",
        "coordinates": [
          -89.6219304,
          20.9866896
        ]
      },
      "id": "node/13036580796"
    },
    {
      "type": "Feature",
      "properties": {
        "@id": "node/13036580797",
        "bus": "yes",
        "description": "R67, R68, R69, R70, R71, R72, R73, R74, R75, R76, R77, R82, R807, R808",
        "highway": "bus_stop",
        "name": "Paradero Va y Ven: C-62 x 29 Col. Alcala Martin_944",
        "public_transport": "platform"
      },
      "geometry": {
        "type": "Point",
        "coordinates": [
          -89.6220652,
          20.9897612
        ]
      },
      "id": "node/13036580797"
    },
    {
      "type": "Feature",
      "properties": {
        "@id": "node/13036580798",
        "bus": "yes",
        "description": "R67, R68, R69, R70, R71, R72, R73, R74, R75, R76, R77, R82, R807, R808",
        "highway": "bus_stop",
        "name": "Paradero Va y Ven: Estadio Gral. Salvador Alvarado_943",
        "public_transport": "platform"
      },
      "geometry": {
        "type": "Point",
        "coordinates": [
          -89.6228331,
          20.9933789
        ]
      },
      "id": "node/13036580798"
    },
    {
      "type": "Feature",
      "properties": {
        "@id": "node/13036580799",
        "bus": "yes",
        "description": "R67, R68, R69, R70, R71, R72, R73, R74, R75, R76, R77, R82, R807, R808",
        "highway": "bus_stop",
        "name": "Paradero Va y Ven: C-16 x 23 Col. Yucatán_942",
        "public_transport": "platform"
      },
      "geometry": {
        "type": "Point",
        "coordinates": [
          -89.621654,
          20.9958765
        ]
      },
      "id": "node/13036580799"
    },
    {
      "type": "Feature",
      "properties": {
        "@id": "node/13036580800",
        "bus": "yes",
        "description": "R67, R69, R71, R72, R73, R74, R75, R76, R77, R82, R808",
        "highway": "bus_stop",
        "name": "Paradero Va y Ven: Polifuncional IDEY_888",
        "public_transport": "platform"
      },
      "geometry": {
        "type": "Point",
        "coordinates": [
          -89.620841,
          20.9945473
        ]
      },
      "id": "node/13036580800"
    },
    {
      "type": "Feature",
      "properties": {
        "@id": "node/13036649001",
        "bus": "yes",
        "description": "R702, R702.3, R805",
        "highway": "bus_stop",
        "name": "Paradero Va y Ven: Centro Internacional de Congresos_2161",
        "public_transport": "platform"
      },
      "geometry": {
        "type": "Point",
        "coordinates": [
          -89.6208587,
          20.9884736
        ]
      },
      "id": "node/13036649001"
    },
    {
      "type": "Feature",
      "properties": {
        "@id": "node/13036649002",
        "bus": "yes",
        "description": "R701",
        "highway": "bus_stop",
        "name": "Paradero Va y Ven: Centro Internacional de Congresos_2106",
        "public_transport": "platform"
      },
      "geometry": {
        "type": "Point",
        "coordinates": [
          -89.6214453,
          20.9887244
        ]
      },
      "id": "node/13036649002"
    },
    {
      "type": "Feature",
      "properties": {
        "@id": "node/13036649024",
        "bus": "yes",
        "description": "R101, R105, R106, R107, R108, R109, R115",
        "highway": "bus_stop",
        "name": "Paradero Va y Ven: ADO TAME_1647",
        "public_transport": "platform"
      },
      "geometry": {
        "type": "Point",
        "coordinates": [
          -89.631081,
          20.9617718
        ]
      },
      "id": "node/13036649024"
    },
    {
      "type": "Feature",
      "properties": {
        "@id": "node/13036649025",
        "bus": "yes",
        "description": "R101, R105, R106, R107, R108, R109, R115",
        "highway": "bus_stop",
        "name": "Paradero Va y Ven: ADO TAME_1605",
        "public_transport": "platform"
      },
      "geometry": {
        "type": "Point",
        "coordinates": [
          -89.6310669,
          20.9631602
        ]
      },
      "id": "node/13036649025"
    },
    {
      "type": "Feature",
      "properties": {
        "@id": "node/13036649026",
        "bus": "yes",
        "description": "R101, R105, R106, R107, R108, R109, R113, R114, R115",
        "highway": "bus_stop",
        "name": "Paradero Va y Ven: C-69 x 66 Col. Centro_1604",
        "public_transport": "platform"
      },
      "geometry": {
        "type": "Point",
        "coordinates": [
          -89.6278211,
          20.9627815
        ]
      },
      "id": "node/13036649026"
    },
    {
      "type": "Feature",
      "properties": {
        "@id": "node/13039741135",
        "bus": "yes",
        "description": "R61, R64",
        "highway": "bus_stop",
        "name": "Paradero Va y Ven: Itzimná_803",
        "public_transport": "platform"
      },
      "geometry": {
        "type": "Point",
        "coordinates": [
          -89.6144387,
          20.9915096
        ]
      },
      "id": "node/13039741135"
    },
    {
      "type": "Feature",
      "properties": {
        "@id": "node/13039741136",
        "bus": "yes",
        "description": "R68, R903",
        "highway": "bus_stop",
        "name": "Paradero Va y Ven: Itzimná_976",
        "public_transport": "platform"
      },
      "geometry": {
        "type": "Point",
        "coordinates": [
          -89.614399,
          20.9915674
        ]
      },
      "id": "node/13039741136"
    },
    {
      "type": "Feature",
      "properties": {
        "@id": "node/13039907633",
        "bus": "yes",
        "description": "R61",
        "highway": "bus_stop",
        "name": "Paradero Va y Ven: Av. Camara del Comercio x 13_775",
        "public_transport": "platform"
      },
      "geometry": {
        "type": "Point",
        "coordinates": [
          -89.5897273,
          21.0163405
        ]
      },
      "id": "node/13039907633"
    },
    {
      "type": "Feature",
      "properties": {
        "@id": "node/13039907634",
        "bus": "yes",
        "description": "R61",
        "highway": "bus_stop",
        "name": "Paradero Va y Ven: Parque Altabrisa_783",
        "public_transport": "platform"
      },
      "geometry": {
        "type": "Point",
        "coordinates": [
          -89.5871004,
          21.0150339
        ]
      },
      "id": "node/13039907634"
    },
    {
      "type": "Feature",
      "properties": {
        "@id": "node/13039907635",
        "bus": "yes",
        "description": "R61, R10004",
        "highway": "bus_stop",
        "name": "Paradero Va y Ven: Instituto Cumbres_774",
        "public_transport": "platform"
      },
      "geometry": {
        "type": "Point",
        "coordinates": [
          -89.5910654,
          21.0170812
        ]
      },
      "id": "node/13039907635"
    },
    {
      "type": "Feature",
      "properties": {
        "@id": "node/13039907638",
        "bus": "yes",
        "description": "R61, R10003, R10003.3, R10003.4, R10003.5, R10003.6, R10003.7",
        "highway": "bus_stop",
        "name": "Paradero Va y Ven: Instituto Cumbres_784",
        "public_transport": "platform"
      },
      "geometry": {
        "type": "Point",
        "coordinates": [
          -89.5909714,
          21.0172644
        ]
      },
      "id": "node/13039907638"
    },
    {
      "type": "Feature",
      "properties": {
        "@id": "node/13039911292",
        "bus": "yes",
        "description": "R16, R18, R20",
        "highway": "bus_stop",
        "name": "Paradero Va y Ven: Parque Clemente Lopez Trujillo_318",
        "public_transport": "platform"
      },
      "geometry": {
        "type": "Point",
        "coordinates": [
          -89.6148824,
          20.9525309
        ]
      },
      "id": "node/13039911292"
    },
    {
      "type": "Feature",
      "properties": {
        "@id": "node/13040328294",
        "bus": "yes",
        "description": "R64, R70, R807, R903",
        "highway": "bus_stop",
        "name": "Paradero Va y Ven: Toyota Merida_877",
        "public_transport": "platform"
      },
      "geometry": {
        "type": "Point",
        "coordinates": [
          -89.6205586,
          21.0212059
        ]
      },
      "id": "node/13040328294"
    },
    {
      "type": "Feature",
      "properties": {
        "@id": "node/13040328295",
        "bus": "yes",
        "description": "R64, R70, R807, R903",
        "highway": "bus_stop",
        "name": "Paradero Va y Ven: Toyota Merida_857",
        "public_transport": "platform"
      },
      "geometry": {
        "type": "Point",
        "coordinates": [
          -89.6204383,
          21.0214315
        ]
      },
      "id": "node/13040328295"
    },
    {
      "type": "Feature",
      "properties": {
        "@id": "node/13040328297",
        "bus": "yes",
        "description": "R64, R70, R807, R903",
        "highway": "bus_stop",
        "name": "Paradero Va y Ven: Mg SEMINUEVOS_876",
        "public_transport": "platform"
      },
      "geometry": {
        "type": "Point",
        "coordinates": [
          -89.621602,
          21.0224668
        ]
      },
      "id": "node/13040328297"
    },
    {
      "type": "Feature",
      "properties": {
        "@id": "node/13044596791",
        "bus": "yes",
        "description": "R43, R44, R49, R809, R901, R902, R905",
        "highway": "bus_stop",
        "name": "Paradero Va y Ven: Mejorada_2791",
        "public_transport": "platform"
      },
      "geometry": {
        "type": "Point",
        "coordinates": [
          -89.6161806,
          20.9688997
        ]
      },
      "id": "node/13044596791"
    },
    {
      "type": "Feature",
      "properties": {
        "@id": "node/13044596792",
        "bus": "yes",
        "description": "R55, R61, R63, R64, R68, R112, R901, R902, R906",
        "highway": "bus_stop",
        "name": "Paradero Va y Ven: Gran Corredor Turistico-Gastronomico_747",
        "public_transport": "platform"
      },
      "geometry": {
        "type": "Point",
        "coordinates": [
          -89.6146913,
          20.9744172
        ]
      },
      "id": "node/13044596792"
    },
    {
      "type": "Feature",
      "properties": {
        "@id": "node/13044623416",
        "bus": "yes",
        "description": "R701, R901",
        "highway": "bus_stop",
        "name": "Paradero Va y Ven: Paseo 60_2068",
        "public_transport": "platform"
      },
      "geometry": {
        "type": "Point",
        "coordinates": [
          -89.6199404,
          20.9836597
        ]
      },
      "id": "node/13044623416"
    },
    {
      "type": "Feature",
      "properties": {
        "@id": "node/13044623417",
        "bus": "yes",
        "description": "R901",
        "highway": "bus_stop",
        "name": "Paradero Va y Ven: Parque de Santa Ana_2070",
        "public_transport": "platform"
      },
      "geometry": {
        "type": "Point",
        "coordinates": [
          -89.6213978,
          20.9764298
        ]
      },
      "id": "node/13044623417"
    },
    {
      "type": "Feature",
      "properties": {
        "@id": "node/13044808313",
        "bus": "yes",
        "departures_board": "yes",
        "description": "R36, R901, R902, R10002",
        "highway": "bus_stop",
        "name": "Estación Va y Ven: Quetzalcóatl_652",
        "public_transport": "platform",
        "shelter": "yes"
      },
      "geometry": {
        "type": "Point",
        "coordinates": [
          -89.5678975,
          20.9565654
        ]
      },
      "id": "node/13044808313"
    },
    {
      "type": "Feature",
      "properties": {
        "@id": "node/13046650848",
        "bus": "yes",
        "description": "R87, R88, R90, R91, R92, R93, R94, R95, R96, R98, R104, R905, R906",
        "highway": "bus_stop",
        "name": "Paradero Va y Ven: Parque de Santiago_1320",
        "public_transport": "platform"
      },
      "geometry": {
        "type": "Point",
        "coordinates": [
          -89.6298853,
          20.9697563
        ]
      },
      "id": "node/13046650848"
    },
    {
      "type": "Feature",
      "properties": {
        "@id": "node/13047646040",
        "bus": "yes",
        "description": "R55, R61, R63, R68, R903",
        "highway": "bus_stop",
        "name": "Paradero Va y Ven: Pérez Ponce_677",
        "public_transport": "platform",
        "shelter": "yes"
      },
      "geometry": {
        "type": "Point",
        "coordinates": [
          -89.6114774,
          20.9869317
        ]
      },
      "id": "node/13047646040"
    },
    {
      "type": "Feature",
      "properties": {
        "@id": "node/13048245989",
        "bus": "yes",
        "description": "R61, R64, R70, R807, R903",
        "highway": "bus_stop",
        "name": "Paradero Va y Ven: Díaz Bolio_800",
        "public_transport": "platform"
      },
      "geometry": {
        "type": "Point",
        "coordinates": [
          -89.6153357,
          21.0024391
        ]
      },
      "id": "node/13048245989"
    },
    {
      "type": "Feature",
      "properties": {
        "@id": "node/13048245990",
        "bus": "yes",
        "description": "R61, R64, R70, R807, R903",
        "highway": "bus_stop",
        "name": "Paradero Va y Ven: Díaz Bolio_755",
        "public_transport": "platform"
      },
      "geometry": {
        "type": "Point",
        "coordinates": [
          -89.6151097,
          21.0024335
        ]
      },
      "id": "node/13048245990"
    },
    {
      "type": "Feature",
      "properties": {
        "@id": "node/13048245991",
        "bus": "yes",
        "description": "R61, R64, R70, R807, R903",
        "highway": "bus_stop",
        "name": "Paradero Va y Ven: Glorieta de La Paz _754",
        "public_transport": "platform"
      },
      "geometry": {
        "type": "Point",
        "coordinates": [
          -89.6156019,
          20.9998462
        ]
      },
      "id": "node/13048245991"
    },
    {
      "type": "Feature",
      "properties": {
        "@id": "node/13048245992",
        "bus": "yes",
        "description": "R61, R64, R70, R807, R903",
        "highway": "bus_stop",
        "name": "Paradero Va y Ven: Glorieta de La Paz _801",
        "public_transport": "platform"
      },
      "geometry": {
        "type": "Point",
        "coordinates": [
          -89.6159332,
          20.9993854
        ]
      },
      "id": "node/13048245992"
    },
    {
      "type": "Feature",
      "properties": {
        "@id": "node/13048330206",
        "bus": "yes",
        "description": "R67, R903, R10001, R10001.7, R10001.8",
        "highway": "bus_stop",
        "name": "Paradero Va y Ven: Sodzil _927",
        "public_transport": "platform"
      },
      "geometry": {
        "type": "Point",
        "coordinates": [
          -89.621024,
          21.0484965
        ]
      },
      "id": "node/13048330206"
    },
    {
      "type": "Feature",
      "properties": {
        "@id": "node/13048330207",
        "bus": "yes",
        "description": "R67, R68, R70, R73, R74, R807, R903",
        "highway": "bus_stop",
        "name": "Paradero Va y Ven: Cordemex_929",
        "public_transport": "platform"
      },
      "geometry": {
        "type": "Point",
        "coordinates": [
          -89.6288379,
          21.0393331
        ]
      },
      "id": "node/13048330207"
    },
    {
      "type": "Feature",
      "properties": {
        "@id": "node/13048330208",
        "bus": "yes",
        "description": "R67, R68, R70, R73, R74, R807, R903",
        "highway": "bus_stop",
        "name": "Paradero Va y Ven: Cordemex_901",
        "public_transport": "platform"
      },
      "geometry": {
        "type": "Point",
        "coordinates": [
          -89.628394,
          21.0391667
        ]
      },
      "id": "node/13048330208"
    },
    {
      "type": "Feature",
      "properties": {
        "@id": "node/13048330209",
        "bus": "yes",
        "description": "R67, R68, R69, R70, R72, R73, R74, R807, R903, R10003",
        "highway": "bus_stop",
        "name": "Paradero Va y Ven: Suzuki Siglo XXI _931",
        "public_transport": "platform"
      },
      "geometry": {
        "type": "Point",
        "coordinates": [
          -89.6274888,
          21.0315899
        ]
      },
      "id": "node/13048330209"
    },
    {
      "type": "Feature",
      "properties": {
        "@id": "node/13048330210",
        "bus": "yes",
        "description": "R67, R68, R69, R70, R72, R73, R74, R807, R903, R10003",
        "highway": "bus_stop",
        "name": "Paradero Va y Ven: Tesla Center_899",
        "public_transport": "platform"
      },
      "geometry": {
        "type": "Point",
        "coordinates": [
          -89.6271763,
          21.0317226
        ]
      },
      "id": "node/13048330210"
    },
    {
      "type": "Feature",
      "properties": {
        "@id": "node/13048330211",
        "bus": "yes",
        "description": "R64, R67, R68, R69, R70, R72, R73, R74, R807, R903, R10004, R10004.1, R10004.2, R10004.3",
        "highway": "bus_stop",
        "name": "Paradero Va y Ven: Bostons Pizza Montejo _859",
        "public_transport": "platform"
      },
      "geometry": {
        "type": "Point",
        "coordinates": [
          -89.6249239,
          21.0272387
        ]
      },
      "id": "node/13048330211"
    },
    {
      "type": "Feature",
      "properties": {
        "@id": "node/13048330212",
        "bus": "yes",
        "description": "R64, R70, R807, R903",
        "highway": "bus_stop",
        "name": "Paradero Va y Ven: Gonzalo Guerrero_875",
        "public_transport": "platform"
      },
      "geometry": {
        "type": "Point",
        "coordinates": [
          -89.6234852,
          21.0247767
        ]
      },
      "id": "node/13048330212"
    },
    {
      "type": "Feature",
      "properties": {
        "@id": "node/13048330213",
        "bus": "yes",
        "description": "R64, R70, R807, R903",
        "highway": "bus_stop",
        "name": "Paradero Va y Ven: Gonzalo Guerrero_858",
        "public_transport": "platform"
      },
      "geometry": {
        "type": "Point",
        "coordinates": [
          -89.6228137,
          21.0242832
        ]
      },
      "id": "node/13048330213"
    },
    {
      "type": "Feature",
      "properties": {
        "@id": "node/13048330214",
        "bus": "yes",
        "description": "R61, R64, R70, R807, R903",
        "highway": "bus_stop",
        "name": "Paradero Va y Ven: Campestre _761",
        "public_transport": "platform"
      },
      "geometry": {
        "type": "Point",
        "coordinates": [
          -89.6153726,
          21.0153061
        ]
      },
      "id": "node/13048330214"
    },
    {
      "type": "Feature",
      "properties": {
        "@id": "node/13048330215",
        "bus": "yes",
        "description": "R61, R64, R70, R807, R903",
        "highway": "bus_stop",
        "name": "Paradero Va y Ven: Suzuki Prol. Paseo de Montejo _758",
        "public_transport": "platform"
      },
      "geometry": {
        "type": "Point",
        "coordinates": [
          -89.6134736,
          21.0127347
        ]
      },
      "id": "node/13048330215"
    },
    {
      "type": "Feature",
      "properties": {
        "@id": "node/13048330216",
        "bus": "yes",
        "description": "R61, R64, R70, R807, R903",
        "highway": "bus_stop",
        "name": "Paradero Va y Ven: Parisina Campestre _796",
        "public_transport": "platform"
      },
      "geometry": {
        "type": "Point",
        "coordinates": [
          -89.6136801,
          21.0122927
        ]
      },
      "id": "node/13048330216"
    },
    {
      "type": "Feature",
      "properties": {
        "@id": "node/13048330217",
        "bus": "yes",
        "description": "R61, R64, R70, R807, R903",
        "highway": "bus_stop",
        "name": "Paradero Va y Ven: Autozone Campestre _797",
        "public_transport": "platform"
      },
      "geometry": {
        "type": "Point",
        "coordinates": [
          -89.6136305,
          21.0115766
        ]
      },
      "id": "node/13048330217"
    },
    {
      "type": "Feature",
      "properties": {
        "@id": "node/13048330218",
        "bus": "yes",
        "description": "R61, R64, R70, R807, R903",
        "highway": "bus_stop",
        "name": "Paradero Va y Ven: Prol. Paseo de Montejo x 35 _757",
        "public_transport": "platform"
      },
      "geometry": {
        "type": "Point",
        "coordinates": [
          -89.6137036,
          21.0097131
        ]
      },
      "id": "node/13048330218"
    },
    {
      "type": "Feature",
      "properties": {
        "@id": "node/13048330219",
        "bus": "yes",
        "description": "R61, R64, R70, R807, R903",
        "highway": "bus_stop",
        "name": "Paradero Va y Ven: Bajaj Campestre _798",
        "public_transport": "platform"
      },
      "geometry": {
        "type": "Point",
        "coordinates": [
          -89.6140194,
          21.0093845
        ]
      },
      "id": "node/13048330219"
    },
    {
      "type": "Feature",
      "properties": {
        "@id": "node/13048330220",
        "bus": "yes",
        "description": "R61, R64, R70, R807, R903",
        "highway": "bus_stop",
        "name": "Paradero Va y Ven: Prol. Paseo de Montejo x 13 _799",
        "public_transport": "platform"
      },
      "geometry": {
        "type": "Point",
        "coordinates": [
          -89.6145196,
          21.0067854
        ]
      },
      "id": "node/13048330220"
    },
    {
      "type": "Feature",
      "properties": {
        "@id": "node/13048330221",
        "bus": "yes",
        "description": "R61, R64, R70, R807, R903",
        "highway": "bus_stop",
        "name": "Paradero Va y Ven: Plaza Arbol _756",
        "public_transport": "platform"
      },
      "geometry": {
        "type": "Point",
        "coordinates": [
          -89.6144566,
          21.0059591
        ]
      },
      "id": "node/13048330221"
    },
    {
      "type": "Feature",
      "properties": {
        "@id": "node/13050447215",
        "description": "R402, R903, R10002, R10002.1, R10002.2",
        "highway": "bus_stop",
        "name": "Paradero Va y Ven: Estación Fac. de Ingeniería UADY_2027",
        "public_transport": "platform"
      },
      "geometry": {
        "type": "Point",
        "coordinates": [
          -89.6387058,
          21.0469438
        ]
      },
      "id": "node/13050447215"
    },
    {
      "type": "Feature",
      "properties": {
        "@id": "node/13051093636",
        "description": "R114, R803, R805, R806, R905, R906",
        "highway": "bus_stop",
        "name": "Paradero Va y Ven: Aeropuerto_2245",
        "public_transport": "platform"
      },
      "geometry": {
        "type": "Point",
        "coordinates": [
          -89.6690379,
          20.9364832
        ]
      },
      "id": "node/13051093636"
    },
    {
      "type": "Feature",
      "properties": {
        "@id": "node/13051093639",
        "description": "R114, R803, R805, R806, R905, R906",
        "highway": "bus_stop",
        "name": "Paradero Va y Ven: Aeropuerto_2240",
        "public_transport": "platform"
      },
      "geometry": {
        "type": "Point",
        "coordinates": [
          -89.6665676,
          20.93814
        ]
      },
      "id": "node/13051093639"
    },
    {
      "type": "Feature",
      "properties": {
        "@id": "node/13051093640",
        "bus": "yes",
        "description": "R905, R906",
        "highway": "bus_stop",
        "name": "Paradero Ie-Tram: Nueva Mulsay_01_2806",
        "public_transport": "platform"
      },
      "geometry": {
        "type": "Point",
        "coordinates": [
          -89.657093,
          20.952351
        ]
      },
      "id": "node/13051093640"
    },
    {
      "type": "Feature",
      "properties": {
        "@id": "node/13051093641",
        "bus": "yes",
        "description": "R905, R906",
        "highway": "bus_stop",
        "name": "Paradero Ie-Tram: Sambulá_01_2810",
        "public_transport": "platform"
      },
      "geometry": {
        "type": "Point",
        "coordinates": [
          -89.6468094,
          20.9598667
        ]
      },
      "id": "node/13051093641"
    },
    {
      "type": "Feature",
      "properties": {
        "@id": "node/13051093642",
        "bus": "yes",
        "description": "R905, R906",
        "highway": "bus_stop",
        "name": "Paradero Ie-Tram: Sambulá_01_2805",
        "public_transport": "platform"
      },
      "geometry": {
        "type": "Point",
        "coordinates": [
          -89.6468664,
          20.9599487
        ]
      },
      "id": "node/13051093642"
    },
    {
      "type": "Feature",
      "properties": {
        "@id": "node/13051093643",
        "description": "R905, R906",
        "highway": "bus_stop",
        "name": "Paradero Ie-Tram: Nueva Mulsay_02_2809",
        "public_transport": "platform"
      },
      "geometry": {
        "type": "Point",
        "coordinates": [
          -89.6577686,
          20.9517248
        ]
      },
      "id": "node/13051093643"
    },
    {
      "type": "Feature",
      "properties": {
        "@id": "node/13051137749",
        "bench": "yes",
        "bus": "yes",
        "departures_board": "realtime",
        "description": "R43, R44, R902",
        "highway": "bus_stop",
        "lit": "yes",
        "name": "Paradero IE-TRAM (Va y Ven): Mayapán_2789",
        "network": "Ie-tram",
        "operator": "Mobility ADO",
        "public_transport": "platform",
        "shelter": "yes",
        "tactile_paving": "yes",
        "wheelchair": "yes"
      },
      "geometry": {
        "type": "Point",
        "coordinates": [
          -89.5948684,
          20.9806977
        ]
      },
      "id": "node/13051137749"
    },
    {
      "type": "Feature",
      "properties": {
        "@id": "node/13051137750",
        "bench": "yes",
        "bus": "yes",
        "departures_board": "timetable",
        "description": "R43, R44, R902",
        "highway": "bus_stop",
        "lit": "yes",
        "name": "Paradero IE-TRAM (Va y Ven): Circuito Colonias Oriente_2788",
        "network": "Ie-Tram",
        "operator": "Mobilty ADO",
        "public_transport": "platform",
        "shelter": "yes",
        "tactile_paving": "yes",
        "wheelchair": "yes"
      },
      "geometry": {
        "type": "Point",
        "coordinates": [
          -89.5841034,
          20.9811153
        ]
      },
      "id": "node/13051137750"
    },
    {
      "type": "Feature",
      "properties": {
        "@id": "node/13051137754",
        "bench": "yes",
        "bus": "yes",
        "departures_board": "realtime",
        "description": "R43, R44, R902",
        "highway": "bus_stop",
        "lit": "yes",
        "name": "Paradero IE-TRAM (Va y Ven): Circuito Colonias Oriente_2783",
        "network": "Ie-Tram",
        "operator": "Mobilty ADO",
        "public_transport": "platform",
        "ref": "4",
        "shelter": "yes",
        "tactile_paving": "yes",
        "wheelchair": "yes"
      },
      "geometry": {
        "type": "Point",
        "coordinates": [
          -89.5855048,
          20.9809688
        ]
      },
      "id": "node/13051137754"
    },
    {
      "type": "Feature",
      "properties": {
        "@id": "node/13051137755",
        "bench": "yes",
        "bus": "yes",
        "departures_board": "realtime",
        "description": "R43, R44, R902",
        "highway": "bus_stop",
        "lit": "yes",
        "name": "Paradero IE-TRAM (Va y Ven): Mayapán_2782",
        "network": "Ie-tram",
        "operator": "Mobility ADO",
        "public_transport": "platform",
        "shelter": "yes",
        "tactile_paving": "yes",
        "wheelchair": "yes"
      },
      "geometry": {
        "type": "Point",
        "coordinates": [
          -89.5937929,
          20.9806632
        ]
      },
      "id": "node/13051137755"
    },
    {
      "type": "Feature",
      "properties": {
        "@id": "node/13051137756",
        "bench": "yes",
        "bus": "yes",
        "departures_board": "realtime",
        "description": "R902",
        "highway": "bus_stop",
        "lit": "yes",
        "name": "Estación IE-TRAM: Fénix Hospitales_2781",
        "network": "Ie-Tram",
        "operator": "Mobility ADO",
        "public_transport": "platform",
        "ref": "1",
        "shelter": "yes",
        "tactile_paving": "yes",
        "wheelchair": "yes"
      },
      "geometry": {
        "type": "Point",
        "coordinates": [
          -89.6054611,
          20.9801129
        ]
      },
      "id": "node/13051137756"
    },
    {
      "type": "Feature",
      "properties": {
        "@id": "node/13051137760",
        "bus": "yes",
        "description": "R43, R44, R901, R902",
        "highway": "bus_stop",
        "name": "Paradero IE-TRAM (Va y Ven): Metropolitano Oriente_2777",
        "network": "Ie-tram",
        "operator": "Mobilty ADO",
        "public_transport": "platform"
      },
      "geometry": {
        "type": "Point",
        "coordinates": [
          -89.5724411,
          20.9814872
        ]
      },
      "id": "node/13051137760"
    },
    {
      "type": "Feature",
      "properties": {
        "@id": "node/13051487833",
        "bus": "yes",
        "description": "R114, R803, R805, R806, R906",
        "highway": "bus_stop",
        "name": "Paradero Va y Ven (Ie-Tram): Aviación_2239",
        "public_transport": "platform"
      },
      "geometry": {
        "type": "Point",
        "coordinates": [
          -89.6561886,
          20.9447818
        ]
      },
      "id": "node/13051487833"
    },
    {
      "type": "Feature",
      "properties": {
        "@id": "node/13051487834",
        "description": "R114, R803, R805, R806, R906",
        "highway": "bus_stop",
        "name": "Paradero Va y Ven (Ie-Tram): Aviación_2246",
        "public_transport": "platform"
      },
      "geometry": {
        "type": "Point",
        "coordinates": [
          -89.6537506,
          20.9462513
        ]
      },
      "id": "node/13051487834"
    },
    {
      "type": "Feature",
      "properties": {
        "@id": "node/13051487835",
        "description": "R906, R10003, R10003.8, R10003.9",
        "highway": "bus_stop",
        "name": "Paradero Ie-Tram: CONALEP 02_2522",
        "public_transport": "platform"
      },
      "geometry": {
        "type": "Point",
        "coordinates": [
          -89.657034,
          20.9477044
        ]
      },
      "id": "node/13051487835"
    },
    {
      "type": "Feature",
      "properties": {
        "@id": "node/13051487836",
        "description": "R906",
        "highway": "bus_stop",
        "name": "Paradero Ie-Tram: CONALEP 02_2818",
        "public_transport": "platform"
      },
      "geometry": {
        "type": "Point",
        "coordinates": [
          -89.6571037,
          20.9478785
        ]
      },
      "id": "node/13051487836"
    },
    {
      "type": "Feature",
      "properties": {
        "@id": "node/13051487837",
        "description": "R906",
        "highway": "bus_stop",
        "name": "Paradero Ie-Tram: Nva Sambulá_02 _2819",
        "public_transport": "platform"
      },
      "geometry": {
        "type": "Point",
        "coordinates": [
          -89.6598986,
          20.950158
        ]
      },
      "id": "node/13051487837"
    },
    {
      "type": "Feature",
      "properties": {
        "@id": "node/13051487838",
        "description": "R906",
        "highway": "bus_stop",
        "name": "Paradero Ie-Tram: Nva Sambulá_01 _2817",
        "public_transport": "platform"
      },
      "geometry": {
        "type": "Point",
        "coordinates": [
          -89.6597819,
          20.9503421
        ]
      },
      "id": "node/13051487838"
    },
    {
      "type": "Feature",
      "properties": {
        "@id": "node/13051487839",
        "bus": "yes",
        "description": "R906",
        "highway": "bus_stop",
        "name": "Paradero Va y Ven: Amp. NVA Mulsay_02_2820",
        "public_transport": "platform"
      },
      "geometry": {
        "type": "Point",
        "coordinates": [
          -89.6528598,
          20.9553731
        ]
      },
      "id": "node/13051487839"
    },
    {
      "type": "Feature",
      "properties": {
        "@id": "node/13051487840",
        "bus": "yes",
        "description": "R906",
        "highway": "bus_stop",
        "name": "Paradero Va y Ven: Amp. NVA Mulsay_01 _2816",
        "public_transport": "platform"
      },
      "geometry": {
        "type": "Point",
        "coordinates": [
          -89.6528833,
          20.9554908
        ]
      },
      "id": "node/13051487840"
    },
    {
      "type": "Feature",
      "properties": {
        "@id": "node/13051487841",
        "bus": "yes",
        "description": "R905, R906",
        "highway": "bus_stop",
        "name": "Paradero Ie-Tram: Jardín TUMBEN-LOL_02 _2821",
        "public_transport": "platform"
      },
      "geometry": {
        "type": "Point",
        "coordinates": [
          -89.6498913,
          20.9576136
        ]
      },
      "id": "node/13051487841"
    },
    {
      "type": "Feature",
      "properties": {
        "@id": "node/13051487842",
        "bus": "yes",
        "description": "R905, R906",
        "highway": "bus_stop",
        "name": "Paradero Ie-Tram: Jardín TUMBEN-LOL_01 _2815",
        "public_transport": "platform"
      },
      "geometry": {
        "type": "Point",
        "coordinates": [
          -89.6497665,
          20.9578059
        ]
      },
      "id": "node/13051487842"
    },
    {
      "type": "Feature",
      "properties": {
        "@id": "node/13051487843",
        "bus": "yes",
        "description": "R906",
        "highway": "bus_stop",
        "name": "Paradero Ie-Tram: Parque San Marcial_01 _2814",
        "public_transport": "platform"
      },
      "geometry": {
        "type": "Point",
        "coordinates": [
          -89.6438295,
          20.9639193
        ]
      },
      "id": "node/13051487843"
    },
    {
      "type": "Feature",
      "properties": {
        "@id": "node/13051487844",
        "bus": "yes",
        "description": "R906",
        "highway": "bus_stop",
        "name": "Paradero Ie-Tram: Parque San Marcial_02 _2822",
        "public_transport": "platform"
      },
      "geometry": {
        "type": "Point",
        "coordinates": [
          -89.6437275,
          20.9640432
        ]
      },
      "id": "node/13051487844"
    },
    {
      "type": "Feature",
      "properties": {
        "@id": "node/13051487845",
        "bus": "yes",
        "description": "R906",
        "highway": "bus_stop",
        "name": "Paradero Ie-Tram: Centenario_02_2823",
        "public_transport": "platform"
      },
      "geometry": {
        "type": "Point",
        "coordinates": [
          -89.6439073,
          20.9661108
        ]
      },
      "id": "node/13051487845"
    },
    {
      "type": "Feature",
      "properties": {
        "@id": "node/13051487852",
        "bus": "yes",
        "description": "R906",
        "highway": "bus_stop",
        "name": "Paradero Ie-Tram: Centenario_01 _2813",
        "public_transport": "platform"
      },
      "geometry": {
        "type": "Point",
        "coordinates": [
          -89.6441312,
          20.9670466
        ]
      },
      "id": "node/13051487852"
    },
    {
      "type": "Feature",
      "properties": {
        "@id": "node/13051487853",
        "bench": "yes",
        "bus": "yes",
        "description": "R88, R104, R906",
        "highway": "bus_stop",
        "name": "Paradero Ie-Tram (Va y Ven): Caidivy_1329",
        "public_transport": "platform",
        "shelter": "yes"
      },
      "geometry": {
        "type": "Point",
        "coordinates": [
          -89.6432488,
          20.9727191
        ]
      },
      "id": "node/13051487853"
    },
    {
      "type": "Feature",
      "properties": {
        "@id": "node/13051487854",
        "bus": "yes",
        "description": "R96, R98, R104, R906",
        "highway": "bus_stop",
        "name": "Paradero Va y Ven: C-61 x 72 Col. Centro _1492",
        "public_transport": "platform"
      },
      "geometry": {
        "type": "Point",
        "coordinates": [
          -89.6306243,
          20.9686852
        ]
      },
      "id": "node/13051487854"
    },
    {
      "type": "Feature",
      "properties": {
        "@id": "node/13051487855",
        "bus": "yes",
        "description": "R906",
        "highway": "bus_stop",
        "name": "Paradero Va y Ven: Centro Cultural Olimpo_2812",
        "public_transport": "platform"
      },
      "geometry": {
        "type": "Point",
        "coordinates": [
          -89.6248622,
          20.9679035
        ]
      },
      "id": "node/13051487855"
    },
    {
      "type": "Feature",
      "properties": {
        "@id": "node/13051576773",
        "bus": "yes",
        "highway": "bus_stop",
        "name": "Estación Va y Ven: Cetram Umán_1779",
        "public_transport": "platform"
      },
      "geometry": {
        "type": "Point",
        "coordinates": [
          -89.6874569,
          20.9216246
        ]
      },
      "id": "node/13051576773"
    },
    {
      "type": "Feature",
      "properties": {
        "@id": "node/13051576780",
        "bus": "yes",
        "description": "R114, R803, R805, R806, R906",
        "highway": "bus_stop",
        "name": "Paradero Va y Ven (Ie-Tram): Industrial_2241",
        "public_transport": "platform"
      },
      "geometry": {
        "type": "Point",
        "coordinates": [
          -89.6766584,
          20.9309837
        ]
      },
      "id": "node/13051576780"
    },
    {
      "type": "Feature",
      "properties": {
        "@id": "node/13051576781",
        "bus": "yes",
        "description": "R114, R803, R805, R806, R906",
        "highway": "bus_stop",
        "name": "Paradero Va y Ven (Ie-Tram): Industrial_2244",
        "public_transport": "platform"
      },
      "geometry": {
        "type": "Point",
        "coordinates": [
          -89.677054,
          20.9305979
        ]
      },
      "id": "node/13051576781"
    },
    {
      "type": "Feature",
      "properties": {
        "@id": "node/13055285146",
        "bus": "yes",
        "description": "R701",
        "highway": "bus_stop",
        "name": "Paradero Va y Ven: Fiesta Americana_2105",
        "public_transport": "platform"
      },
      "geometry": {
        "type": "Point",
        "coordinates": [
          -89.6195388,
          20.9867798
        ]
      },
      "id": "node/13055285146"
    },
    {
      "type": "Feature",
      "properties": {
        "@id": "node/13057340079",
        "bus": "yes",
        "description": "R55, R61, R63, R64, R68, R112, R906",
        "highway": "bus_stop",
        "name": "Paradero Va y Ven: Secretaría de Gobernación _748",
        "public_transport": "platform",
        "shelter": "yes"
      },
      "geometry": {
        "type": "Point",
        "coordinates": [
          -89.6152452,
          20.9721368
        ]
      },
      "id": "node/13057340079"
    },
    {
      "type": "Feature",
      "properties": {
        "@id": "node/13057340080",
        "bus": "yes",
        "description": "R55, R61, R63, R64, R68",
        "highway": "bus_stop",
        "name": "Paradero Va y Ven: C-50 x 35 Fracc. La Huerta _745",
        "public_transport": "platform",
        "shelter": "yes"
      },
      "geometry": {
        "type": "Point",
        "coordinates": [
          -89.6127132,
          20.9822322
        ]
      },
      "id": "node/13057340080"
    },
    {
      "type": "Feature",
      "properties": {
        "@id": "node/13057340081",
        "bus": "yes",
        "description": "R55, R61, R63, R64",
        "highway": "bus_stop",
        "name": "Paradero Va y Ven: Pérez Ponce_744",
        "public_transport": "platform",
        "shelter": "yes"
      },
      "geometry": {
        "type": "Point",
        "coordinates": [
          -89.6116041,
          20.9869266
        ]
      },
      "id": "node/13057340081"
    },
    {
      "type": "Feature",
      "properties": {
        "@id": "node/13057340082",
        "bus": "yes",
        "description": "R64",
        "highway": "bus_stop",
        "name": "Paradero Va y Ven: Rectoria Villa Guadalupe _874",
        "public_transport": "platform"
      },
      "geometry": {
        "type": "Point",
        "coordinates": [
          -89.6237759,
          21.0267712
        ]
      },
      "id": "node/13057340082"
    },
    {
      "type": "Feature",
      "properties": {
        "@id": "node/13057340083",
        "bus": "yes",
        "description": "R64, R69",
        "highway": "bus_stop",
        "name": "Paradero Va y Ven: C-42 x 75 Col. Montes de Amé _873",
        "public_transport": "platform"
      },
      "geometry": {
        "type": "Point",
        "coordinates": [
          -89.6232864,
          21.031297
        ]
      },
      "id": "node/13057340083"
    },
    {
      "type": "Feature",
      "properties": {
        "@id": "node/13057340084",
        "bus": "yes",
        "description": "R64",
        "highway": "bus_stop",
        "name": "Paradero Va y Ven: C-40 x 73 Col. Montes de Ame _872",
        "public_transport": "platform"
      },
      "geometry": {
        "type": "Point",
        "coordinates": [
          -89.622243,
          21.0320919
        ]
      },
      "id": "node/13057340084"
    },
    {
      "type": "Feature",
      "properties": {
        "@id": "node/13057340085",
        "bus": "yes",
        "description": "R64",
        "highway": "bus_stop",
        "name": "Paradero Va y Ven: C-67 x 38 Col. Montes de Ame _871",
        "public_transport": "platform"
      },
      "geometry": {
        "type": "Point",
        "coordinates": [
          -89.6219359,
          21.0349308
        ]
      },
      "id": "node/13057340085"
    },
    {
      "type": "Feature",
      "properties": {
        "@id": "node/13057340086",
        "bus": "yes",
        "description": "R64",
        "highway": "bus_stop",
        "name": "Paradero Va y Ven: C-32 x 67 Col. Montes de Amé _870",
        "public_transport": "platform"
      },
      "geometry": {
        "type": "Point",
        "coordinates": [
          -89.6184558,
          21.0353364
        ]
      },
      "id": "node/13057340086"
    },
    {
      "type": "Feature",
      "properties": {
        "@id": "node/13057340087",
        "bus": "yes",
        "description": "R64",
        "highway": "bus_stop",
        "name": "Paradero Va y Ven: C-28 x 63 Col. Ampliación Sodzil _869",
        "public_transport": "platform"
      },
      "geometry": {
        "type": "Point",
        "coordinates": [
          -89.617926,
          21.0371045
        ]
      },
      "id": "node/13057340087"
    },
    {
      "type": "Feature",
      "properties": {
        "@id": "node/13057340088",
        "bus": "yes",
        "description": "R64",
        "highway": "bus_stop",
        "name": "Paradero Va y Ven: Super Akí San Angelo _868",
        "public_transport": "platform"
      },
      "geometry": {
        "type": "Point",
        "coordinates": [
          -89.6144231,
          21.0378424
        ]
      },
      "id": "node/13057340088"
    },
    {
      "type": "Feature",
      "properties": {
        "@id": "node/13057340089",
        "bus": "yes",
        "description": "R64",
        "highway": "bus_stop",
        "name": "Paradero Va y Ven: C-39 x 18 Col. Montes de Amé _867",
        "public_transport": "platform"
      },
      "geometry": {
        "type": "Point",
        "coordinates": [
          -89.6110636,
          21.0376108
        ]
      },
      "id": "node/13057340089"
    },
    {
      "type": "Feature",
      "properties": {
        "@id": "node/13057340090",
        "bus": "yes",
        "description": "R64",
        "highway": "bus_stop",
        "name": "Paradero Va y Ven: C-14 x 67 Col. Montes de Amé _866",
        "public_transport": "platform"
      },
      "geometry": {
        "type": "Point",
        "coordinates": [
          -89.608655,
          21.0362289
        ]
      },
      "id": "node/13057340090"
    },
    {
      "type": "Feature",
      "properties": {
        "@id": "node/13057340091",
        "bus": "yes",
        "description": "R64, R10004",
        "highway": "bus_stop",
        "name": "Paradero Va y Ven: C-29 x 36-A San Ramón Norte _865",
        "public_transport": "platform"
      },
      "geometry": {
        "type": "Point",
        "coordinates": [
          -89.6086684,
          21.0327465
        ]
      },
      "id": "node/13057340091"
    },
    {
      "type": "Feature",
      "properties": {
        "@id": "node/13057340092",
        "bus": "yes",
        "description": "R64",
        "highway": "bus_stop",
        "name": "Paradero Va y Ven: C-73 x 22 Col. Montes de Amé _864",
        "public_transport": "platform"
      },
      "geometry": {
        "type": "Point",
        "coordinates": [
          -89.6116805,
          21.0325206
        ]
      },
      "id": "node/13057340092"
    },
    {
      "type": "Feature",
      "properties": {
        "@id": "node/13057340093",
        "bus": "yes",
        "description": "R64, R10004",
        "highway": "bus_stop",
        "name": "Paradero Va y Ven: Escuela Primaria Elda M. Campos Navarrete _863",
        "public_transport": "platform"
      },
      "geometry": {
        "type": "Point",
        "coordinates": [
          -89.6147932,
          21.0323028
        ]
      },
      "id": "node/13057340093"
    },
    {
      "type": "Feature",
      "properties": {
        "@id": "node/13057340094",
        "bus": "yes",
        "description": "R64, R10004",
        "highway": "bus_stop",
        "name": "Paradero Va y Ven: C-36 x 73 Montes de Amé _862",
        "public_transport": "platform"
      },
      "geometry": {
        "type": "Point",
        "coordinates": [
          -89.6199055,
          21.0319317
        ]
      },
      "id": "node/13057340094"
    },
    {
      "type": "Feature",
      "properties": {
        "@id": "node/13057340095",
        "bus": "yes",
        "description": "R64, R67, R68, R69, R70, R72, R73, R74, R807",
        "highway": "bus_stop",
        "name": "Paradero Va y Ven: Sears Gran Plaza _860",
        "public_transport": "platform"
      },
      "geometry": {
        "type": "Point",
        "coordinates": [
          -89.6263354,
          21.0298731
        ]
      },
      "id": "node/13057340095"
    },
    {
      "type": "Feature",
      "properties": {
        "@id": "node/13057340096",
        "bus": "yes",
        "description": "R64, R10004",
        "highway": "bus_stop",
        "name": "Paradero Va y Ven: Gran Plaza_861",
        "public_transport": "platform"
      },
      "geometry": {
        "type": "Point",
        "coordinates": [
          -89.6255066,
          21.0306517
        ]
      },
      "id": "node/13057340096"
    },
    {
      "type": "Feature",
      "properties": {
        "@id": "node/13057340097",
        "bus": "yes",
        "description": "R55, R61, R63, R64",
        "highway": "bus_stop",
        "name": "Paradero Va y Ven: C-52 x Av. Perez Ponce Col. Centro _676",
        "public_transport": "platform"
      },
      "geometry": {
        "type": "Point",
        "coordinates": [
          -89.6142554,
          20.9837448
        ]
      },
      "id": "node/13057340097"
    },
    {
      "type": "Feature",
      "properties": {
        "@id": "node/13057340098",
        "bus": "yes",
        "description": "R55, R61, R63, R64",
        "highway": "bus_stop",
        "name": "Paradero Va y Ven: C-52 x 37 Fracc. La Huerta _675",
        "public_transport": "platform"
      },
      "geometry": {
        "type": "Point",
        "coordinates": [
          -89.6148348,
          20.9806758
        ]
      },
      "id": "node/13057340098"
    },
    {
      "type": "Feature",
      "properties": {
        "@id": "node/13057340099",
        "bus": "yes",
        "description": "R55, R61, R63, R64",
        "highway": "bus_stop",
        "name": "Paradero Va y Ven: Harinera Bola Roja _674",
        "public_transport": "platform"
      },
      "geometry": {
        "type": "Point",
        "coordinates": [
          -89.615101,
          20.9794173
        ]
      },
      "id": "node/13057340099"
    },
    {
      "type": "Feature",
      "properties": {
        "@id": "node/13057340100",
        "bus": "yes",
        "description": "R55, R61, R63, R64",
        "highway": "bus_stop",
        "name": "Paradero Va y Ven: C-52 x 43 Col. Centro _673",
        "public_transport": "platform"
      },
      "geometry": {
        "type": "Point",
        "coordinates": [
          -89.6155255,
          20.9766612
        ]
      },
      "id": "node/13057340100"
    },
    {
      "type": "Feature",
      "properties": {
        "@id": "node/13057421001",
        "bus": "yes",
        "description": "R55, R61, R63, R64",
        "highway": "bus_stop",
        "name": "Paradero Va y Ven: Gran Corredor Turistico-Gastronomico _672",
        "public_transport": "platform"
      },
      "geometry": {
        "type": "Point",
        "coordinates": [
          -89.6158996,
          20.9748467
        ]
      },
      "id": "node/13057421001"
    },
    {
      "type": "Feature",
      "properties": {
        "@id": "node/13057421002",
        "bus": "yes",
        "description": "R55, R61, R63, R64",
        "highway": "bus_stop",
        "name": "Paradero Va y Ven: C-52 x 51 Col. Centro _671",
        "public_transport": "platform"
      },
      "geometry": {
        "type": "Point",
        "coordinates": [
          -89.6164079,
          20.9723785
        ]
      },
      "id": "node/13057421002"
    },
    {
      "type": "Feature",
      "properties": {
        "@id": "node/13057421003",
        "bus": "yes",
        "description": "R43, R44, R55, R61, R63, R64",
        "highway": "bus_stop",
        "name": "Paradero Va y Ven: Policia Municipal _670",
        "public_transport": "platform"
      },
      "geometry": {
        "type": "Point",
        "coordinates": [
          -89.6170074,
          20.9698089
        ]
      },
      "id": "node/13057421003"
    },
    {
      "type": "Feature",
      "properties": {
        "@id": "node/13059644876",
        "bus": "yes",
        "description": "R33",
        "highway": "bus_stop",
        "name": "Paradero Va y Ven: C-4 x 19 Fracc. Paseos de Vergel_630",
        "public_transport": "platform"
      },
      "geometry": {
        "type": "Point",
        "coordinates": [
          -89.5697963,
          20.9514809
        ]
      },
      "id": "node/13059644876"
    },
    {
      "type": "Feature",
      "properties": {
        "@id": "node/13060819482",
        "bus": "yes",
        "description": "R33",
        "highway": "bus_stop",
        "name": "Paradero Va y Ven: C-65 x 54 Col. Centro_533",
        "public_transport": "platform"
      },
      "geometry": {
        "type": "Point",
        "coordinates": [
          -89.6192255,
          20.9643469
        ]
      },
      "id": "node/13060819482"
    },
    {
      "type": "Feature",
      "properties": {
        "@id": "node/13060819483",
        "bus": "yes",
        "description": "R33",
        "highway": "bus_stop",
        "name": "Paradero Va y Ven: C-65 x 50 Col. Centro_532",
        "public_transport": "platform"
      },
      "geometry": {
        "type": "Point",
        "coordinates": [
          -89.6169269,
          20.9639794
        ]
      },
      "id": "node/13060819483"
    },
    {
      "type": "Feature",
      "properties": {
        "@id": "node/13060819484",
        "bus": "yes",
        "description": "R33",
        "highway": "bus_stop",
        "name": "Paradero Va y Ven: C-65 x 1º de Mayo Col. Centro_531",
        "public_transport": "platform"
      },
      "geometry": {
        "type": "Point",
        "coordinates": [
          -89.614474,
          20.963443
        ]
      },
      "id": "node/13060819484"
    },
    {
      "type": "Feature",
      "properties": {
        "@id": "node/13060819485",
        "bus": "yes",
        "description": "R33",
        "highway": "bus_stop",
        "name": "Paradero Va y Ven: C-65 x 38 Col.Centro_530",
        "public_transport": "platform"
      },
      "geometry": {
        "type": "Point",
        "coordinates": [
          -89.609672,
          20.962004
        ]
      },
      "id": "node/13060819485"
    },
    {
      "type": "Feature",
      "properties": {
        "@id": "node/13060819486",
        "bus": "yes",
        "description": "R33",
        "highway": "bus_stop",
        "name": "Paradero Va y Ven: C-65 x 32 Col.Centro_529",
        "public_transport": "platform"
      },
      "geometry": {
        "type": "Point",
        "coordinates": [
          -89.60681,
          20.960997
        ]
      },
      "id": "node/13060819486"
    },
    {
      "type": "Feature",
      "properties": {
        "@id": "node/13060819487",
        "bus": "yes",
        "description": "R33",
        "highway": "bus_stop",
        "name": "Paradero Va y Ven: C-65 x 24 Col.Centro_528",
        "public_transport": "platform"
      },
      "geometry": {
        "type": "Point",
        "coordinates": [
          -89.603511,
          20.959801
        ]
      },
      "id": "node/13060819487"
    },
    {
      "type": "Feature",
      "properties": {
        "@id": "node/13060819488",
        "bus": "yes",
        "description": "R33",
        "highway": "bus_stop",
        "name": "Paradero Va y Ven: C-65 x 24 Col.Centro_527",
        "public_transport": "platform"
      },
      "geometry": {
        "type": "Point",
        "coordinates": [
          -89.601221,
          20.959026
        ]
      },
      "id": "node/13060819488"
    },
    {
      "type": "Feature",
      "properties": {
        "@id": "node/13060819489",
        "bus": "yes",
        "description": "R33",
        "highway": "bus_stop",
        "name": "Paradero Va y Ven: C-65 x 14 Col.Cortes Sarmiento_526",
        "public_transport": "platform"
      },
      "geometry": {
        "type": "Point",
        "coordinates": [
          -89.597731,
          20.958238
        ]
      },
      "id": "node/13060819489"
    },
    {
      "type": "Feature",
      "properties": {
        "@id": "node/13060819490",
        "bus": "yes",
        "description": "R33",
        "highway": "bus_stop",
        "name": "Paradero Va y Ven: C-65 x 8 Col.Cortes sarmiento_525",
        "public_transport": "platform"
      },
      "geometry": {
        "type": "Point",
        "coordinates": [
          -89.594339,
          20.958902
        ]
      },
      "id": "node/13060819490"
    },
    {
      "type": "Feature",
      "properties": {
        "@id": "node/13060819492",
        "bus": "yes",
        "description": "R33",
        "highway": "bus_stop",
        "name": "Paradero Va y Ven: Av. Quetzalcoatl x 18_523",
        "public_transport": "platform"
      },
      "geometry": {
        "type": "Point",
        "coordinates": [
          -89.58792,
          20.959777
        ]
      },
      "id": "node/13060819492"
    },
    {
      "type": "Feature",
      "properties": {
        "@id": "node/13060819493",
        "bus": "yes",
        "description": "R33",
        "highway": "bus_stop",
        "name": "Paradero Va y Ven: Av. Quetzalcoatl x 12_522",
        "public_transport": "platform"
      },
      "geometry": {
        "type": "Point",
        "coordinates": [
          -89.584993,
          20.959906
        ]
      },
      "id": "node/13060819493"
    },
    {
      "type": "Feature",
      "properties": {
        "@id": "node/13060819494",
        "bus": "yes",
        "description": "R33",
        "highway": "bus_stop",
        "name": "Paradero Va y Ven: Cruz Roja Oriente_521",
        "public_transport": "platform"
      },
      "geometry": {
        "type": "Point",
        "coordinates": [
          -89.5807707,
          20.9600663
        ]
      },
      "id": "node/13060819494"
    },
    {
      "type": "Feature",
      "properties": {
        "@id": "node/13060819495",
        "bus": "yes",
        "description": "R33",
        "highway": "bus_stop",
        "name": "Paradero Va y Ven: Bodega Aurrera Quetzalcóatl_520",
        "public_transport": "platform"
      },
      "geometry": {
        "type": "Point",
        "coordinates": [
          -89.5792234,
          20.960151
        ]
      },
      "id": "node/13060819495"
    },
    {
      "type": "Feature",
      "properties": {
        "@id": "node/13060819496",
        "bus": "yes",
        "description": "R33",
        "highway": "bus_stop",
        "name": "Paradero Va y Ven: C-24 x 25 Col. Nueva Chichen Itza_491",
        "public_transport": "platform"
      },
      "geometry": {
        "type": "Point",
        "coordinates": [
          -89.575809,
          20.960154
        ]
      },
      "id": "node/13060819496"
    },
    {
      "type": "Feature",
      "properties": {
        "@id": "node/13060819497",
        "bus": "yes",
        "description": "R33",
        "highway": "bus_stop",
        "name": "Paradero Va y Ven: C-8-B x 15-B Fracc. Vergel 65_634",
        "public_transport": "platform"
      },
      "geometry": {
        "type": "Point",
        "coordinates": [
          -89.579588,
          20.958295
        ]
      },
      "id": "node/13060819497"
    },
    {
      "type": "Feature",
      "properties": {
        "@id": "node/13060819498",
        "bus": "yes",
        "description": "R33",
        "highway": "bus_stop",
        "name": "Paradero Va y Ven: C-8-B x 15-H Col. San Antonio Kaua_618",
        "public_transport": "platform"
      },
      "geometry": {
        "type": "Point",
        "coordinates": [
          -89.580022,
          20.955627
        ]
      },
      "id": "node/13060819498"
    },
    {
      "type": "Feature",
      "properties": {
        "@id": "node/13060819499",
        "bus": "yes",
        "description": "R33",
        "highway": "bus_stop",
        "name": "Paradero Va y Ven: Parroquia Santa María Goretti_617",
        "public_transport": "platform"
      },
      "geometry": {
        "type": "Point",
        "coordinates": [
          -89.579909,
          20.953271
        ]
      },
      "id": "node/13060819499"
    },
    {
      "type": "Feature",
      "properties": {
        "@id": "node/13060819500",
        "bus": "yes",
        "description": "R33",
        "highway": "bus_stop",
        "name": "Paradero Va y Ven: C-8-B x 25-A Fracc. Vergel III CTM_616",
        "public_transport": "platform"
      },
      "geometry": {
        "type": "Point",
        "coordinates": [
          -89.579814,
          20.950884
        ]
      },
      "id": "node/13060819500"
    },
    {
      "type": "Feature",
      "properties": {
        "@id": "node/13060852001",
        "bus": "yes",
        "description": "R33",
        "highway": "bus_stop",
        "name": "Paradero Va y Ven: C-6-D x 25-B Fracc. Vergel IV_633",
        "public_transport": "platform"
      },
      "geometry": {
        "type": "Point",
        "coordinates": [
          -89.577351,
          20.950718
        ]
      },
      "id": "node/13060852001"
    },
    {
      "type": "Feature",
      "properties": {
        "@id": "node/13060852002",
        "bus": "yes",
        "description": "R33",
        "highway": "bus_stop",
        "name": "Paradero Va y Ven: Jardín de Niños Laura Riojas de Colosio_632",
        "public_transport": "platform"
      },
      "geometry": {
        "type": "Point",
        "coordinates": [
          -89.574447,
          20.950914
        ]
      },
      "id": "node/13060852002"
    },
    {
      "type": "Feature",
      "properties": {
        "@id": "node/13060852003",
        "bus": "yes",
        "description": "R33",
        "highway": "bus_stop",
        "name": "Paradero Va y Ven: JAPAY Pozo San Pablo Oriente_631",
        "public_transport": "platform"
      },
      "geometry": {
        "type": "Point",
        "coordinates": [
          -89.571777,
          20.952408
        ]
      },
      "id": "node/13060852003"
    },
    {
      "type": "Feature",
      "properties": {
        "@id": "node/13060852004",
        "bus": "yes",
        "description": "R33",
        "highway": "bus_stop",
        "name": "Paradero Va y Ven: C-4 x 19 Fracc. Paseos de Vergel_630",
        "public_transport": "platform"
      },
      "geometry": {
        "type": "Point",
        "coordinates": [
          -89.569806,
          20.951458
        ]
      },
      "id": "node/13060852004"
    },
    {
      "type": "Feature",
      "properties": {
        "@id": "node/13060852005",
        "bus": "yes",
        "description": "R33",
        "highway": "bus_stop",
        "name": "Paradero Va y Ven: C-19-A x 4 Fracc. Paseos de Vergel_629",
        "public_transport": "platform"
      },
      "geometry": {
        "type": "Point",
        "coordinates": [
          -89.5705197,
          20.9508588
        ]
      },
      "id": "node/13060852005"
    },
    {
      "type": "Feature",
      "properties": {
        "@id": "node/13060852006",
        "bus": "yes",
        "description": "R33",
        "highway": "bus_stop",
        "name": "Paradero Va y Ven: C-4-B x 19-A Fracc. Paseos de Vergel_628",
        "public_transport": "platform"
      },
      "geometry": {
        "type": "Point",
        "coordinates": [
          -89.572328,
          20.951251
        ]
      },
      "id": "node/13060852006"
    },
    {
      "type": "Feature",
      "properties": {
        "@id": "node/13060852007",
        "bus": "yes",
        "description": "R33",
        "highway": "bus_stop",
        "name": "Paradero Va y Ven: C-4 x 25-B Fracc. Vergel IV_627",
        "public_transport": "platform"
      },
      "geometry": {
        "type": "Point",
        "coordinates": [
          -89.572694,
          20.948224
        ]
      },
      "id": "node/13060852007"
    },
    {
      "type": "Feature",
      "properties": {
        "@id": "node/13060852008",
        "bus": "yes",
        "description": "R33",
        "highway": "bus_stop",
        "name": "Paradero Va y Ven: Parque La Zarigueya C-25_626",
        "public_transport": "platform"
      },
      "geometry": {
        "type": "Point",
        "coordinates": [
          -89.575381,
          20.948081
        ]
      },
      "id": "node/13060852008"
    },
    {
      "type": "Feature",
      "properties": {
        "@id": "node/13060852009",
        "bus": "yes",
        "description": "R33",
        "highway": "bus_stop",
        "name": "Paradero Va y Ven: C-8-A-1 x 25-B Fracc. Vergel III CTM_625",
        "public_transport": "platform"
      },
      "geometry": {
        "type": "Point",
        "coordinates": [
          -89.578151,
          20.950853
        ]
      },
      "id": "node/13060852009"
    },
    {
      "type": "Feature",
      "properties": {
        "@id": "node/13060852010",
        "bus": "yes",
        "description": "R33",
        "highway": "bus_stop",
        "name": "Paradero Va y Ven: Parque Bodas de Plata_624",
        "public_transport": "platform"
      },
      "geometry": {
        "type": "Point",
        "coordinates": [
          -89.580031,
          20.953459
        ]
      },
      "id": "node/13060852010"
    },
    {
      "type": "Feature",
      "properties": {
        "@id": "node/13060852011",
        "bus": "yes",
        "description": "R33",
        "highway": "bus_stop",
        "name": "Paradero Va y Ven: C-8-B x 15-H Col. San Antonio Kaua_623",
        "public_transport": "platform"
      },
      "geometry": {
        "type": "Point",
        "coordinates": [
          -89.580078,
          20.955999
        ]
      },
      "id": "node/13060852011"
    },
    {
      "type": "Feature",
      "properties": {
        "@id": "node/13060852012",
        "bus": "yes",
        "description": "R33",
        "highway": "bus_stop",
        "name": "Paradero Va y Ven: C-8-A x 15-C Fracc. Vergel 65_622",
        "public_transport": "platform"
      },
      "geometry": {
        "type": "Point",
        "coordinates": [
          -89.578131,
          20.957866
        ]
      },
      "id": "node/13060852012"
    },
    {
      "type": "Feature",
      "properties": {
        "@id": "node/13060852013",
        "bus": "yes",
        "description": "R33",
        "highway": "bus_stop",
        "name": "Paradero Va y Ven: Bodega Aurrera Quetzalcóatl_490",
        "public_transport": "platform"
      },
      "geometry": {
        "type": "Point",
        "coordinates": [
          -89.578732,
          20.959977
        ]
      },
      "id": "node/13060852013"
    },
    {
      "type": "Feature",
      "properties": {
        "@id": "node/13060852014",
        "bus": "yes",
        "description": "R33",
        "highway": "bus_stop",
        "name": "Paradero Va y Ven: Cruz Roja Oriente_489",
        "public_transport": "platform"
      },
      "geometry": {
        "type": "Point",
        "coordinates": [
          -89.5807335,
          20.9598796
        ]
      },
      "id": "node/13060852014"
    },
    {
      "type": "Feature",
      "properties": {
        "@id": "node/13060852015",
        "bus": "yes",
        "description": "R33",
        "highway": "bus_stop",
        "name": "Paradero Va y Ven: Av. Quetzalcoatl x 10-C_488",
        "public_transport": "platform"
      },
      "geometry": {
        "type": "Point",
        "coordinates": [
          -89.584152,
          20.959789
        ]
      },
      "id": "node/13060852015"
    },
    {
      "type": "Feature",
      "properties": {
        "@id": "node/13060852016",
        "bus": "yes",
        "description": "R33",
        "highway": "bus_stop",
        "name": "Paradero Va y Ven: Av. Quetzalcoatl x 12_487",
        "public_transport": "platform"
      },
      "geometry": {
        "type": "Point",
        "coordinates": [
          -89.587812,
          20.959634
        ]
      },
      "id": "node/13060852016"
    },
    {
      "type": "Feature",
      "properties": {
        "@id": "node/13060852019",
        "bus": "yes",
        "description": "R33",
        "highway": "bus_stop",
        "name": "Paradero Va y Ven: C-63-C x 10 Col. Cortes Sarmiento_484",
        "public_transport": "platform"
      },
      "geometry": {
        "type": "Point",
        "coordinates": [
          -89.595361,
          20.960739
        ]
      },
      "id": "node/13060852019"
    },
    {
      "type": "Feature",
      "properties": {
        "@id": "node/13060852020",
        "bus": "yes",
        "description": "R33",
        "highway": "bus_stop",
        "name": "Paradero Va y Ven: Parque de los Enamorados_483",
        "public_transport": "platform"
      },
      "geometry": {
        "type": "Point",
        "coordinates": [
          -89.59886,
          20.961496
        ]
      },
      "id": "node/13060852020"
    },
    {
      "type": "Feature",
      "properties": {
        "@id": "node/13060852021",
        "bus": "yes",
        "description": "R33",
        "highway": "bus_stop",
        "name": "Paradero Va y Ven: Parque Los Mangos_482",
        "public_transport": "platform"
      },
      "geometry": {
        "type": "Point",
        "coordinates": [
          -89.602003,
          20.961903
        ]
      },
      "id": "node/13060852021"
    },
    {
      "type": "Feature",
      "properties": {
        "@id": "node/13060852022",
        "bus": "yes",
        "description": "R33",
        "highway": "bus_stop",
        "name": "Paradero Va y Ven: C-63 x 30 Col. Centro_481",
        "public_transport": "platform"
      },
      "geometry": {
        "type": "Point",
        "coordinates": [
          -89.604646,
          20.962088
        ]
      },
      "id": "node/13060852022"
    },
    {
      "type": "Feature",
      "properties": {
        "@id": "node/13060852023",
        "bus": "yes",
        "description": "R33",
        "highway": "bus_stop",
        "name": "Paradero Va y Ven: C-63 x 36 Col. Centro_480",
        "public_transport": "platform"
      },
      "geometry": {
        "type": "Point",
        "coordinates": [
          -89.607916,
          20.962927
        ]
      },
      "id": "node/13060852023"
    },
    {
      "type": "Feature",
      "properties": {
        "@id": "node/13060852024",
        "bus": "yes",
        "description": "R33",
        "highway": "bus_stop",
        "name": "Paradero Va y Ven: C-63 x 40 Col. Centro_479",
        "public_transport": "platform"
      },
      "geometry": {
        "type": "Point",
        "coordinates": [
          -89.610908,
          20.96401
        ]
      },
      "id": "node/13060852024"
    },
    {
      "type": "Feature",
      "properties": {
        "@id": "node/13060852025",
        "bus": "yes",
        "description": "R33",
        "highway": "bus_stop",
        "name": "Paradero Va y Ven: C-63 x Av. 1o. De Mayo Col. Centro_478",
        "public_transport": "platform"
      },
      "geometry": {
        "type": "Point",
        "coordinates": [
          -89.614613,
          20.964755
        ]
      },
      "id": "node/13060852025"
    },
    {
      "type": "Feature",
      "properties": {
        "@id": "node/13061211762",
        "bus": "yes",
        "description": "R906",
        "highway": "bus_stop",
        "name": "Paradero Ie-Tramn: Palacio de la Música_2824",
        "public_transport": "platform"
      },
      "geometry": {
        "type": "Point",
        "coordinates": [
          -89.622298,
          20.9685703
        ]
      },
      "id": "node/13061211762"
    },
    {
      "type": "Feature",
      "properties": {
        "@id": "node/13061211763",
        "bus": "yes",
        "description": "R88, R104, R906",
        "highway": "bus_stop",
        "name": "Paradero Va y Ven ( Ie-Tram): Facultad de Odontología UADY_1356",
        "public_transport": "platform"
      },
      "geometry": {
        "type": "Point",
        "coordinates": [
          -89.6422537,
          20.9708407
        ]
      },
      "id": "node/13061211763"
    },
    {
      "type": "Feature",
      "properties": {
        "@id": "node/13062529007",
        "bus": "yes",
        "highway": "bus_stop",
        "name": "Paradero Va y Ven: Paseo de las Fuentes_1408",
        "public_transport": "platform"
      },
      "geometry": {
        "type": "Point",
        "coordinates": [
          -89.648127,
          20.979972
        ]
      },
      "id": "node/13062529007"
    },
    {
      "type": "Feature",
      "properties": {
        "@id": "node/13062529008",
        "bus": "yes",
        "highway": "bus_stop",
        "name": "Paradero Va y Ven: Paseo de las Fuentes_1365",
        "public_transport": "platform"
      },
      "geometry": {
        "type": "Point",
        "coordinates": [
          -89.648103,
          20.980193
        ]
      },
      "id": "node/13062529008"
    },
    {
      "type": "Feature",
      "properties": {
        "@id": "node/13062529009",
        "bus": "yes",
        "highway": "bus_stop",
        "name": "Paradero Va y Ven: C-59-A x 84 Col. Centro_1495",
        "public_transport": "platform"
      },
      "geometry": {
        "type": "Point",
        "coordinates": [
          -89.6379881,
          20.9739217
        ]
      },
      "id": "node/13062529009"
    },
    {
      "type": "Feature",
      "properties": {
        "@id": "node/13062529010",
        "bus": "yes",
        "highway": "bus_stop",
        "name": "Paradero Va y Ven: C-61 x 76 Col. Centro_1493",
        "public_transport": "platform"
      },
      "geometry": {
        "type": "Point",
        "coordinates": [
          -89.6337613,
          20.9690965
        ]
      },
      "id": "node/13062529010"
    },
    {
      "type": "Feature",
      "properties": {
        "@id": "node/13062529011",
        "bus": "yes",
        "highway": "bus_stop",
        "name": "Paradero Va y Ven: The Home Depot Canek_1405",
        "public_transport": "platform"
      },
      "geometry": {
        "type": "Point",
        "coordinates": [
          -89.659846,
          20.987095
        ]
      },
      "id": "node/13062529011"
    },
    {
      "type": "Feature",
      "properties": {
        "@id": "node/13062529012",
        "bus": "yes",
        "highway": "bus_stop",
        "name": "Paradero Va y Ven: Plaza Canek_1404",
        "public_transport": "platform"
      },
      "geometry": {
        "type": "Point",
        "coordinates": [
          -89.6625719,
          20.9887684
        ]
      },
      "id": "node/13062529012"
    },
    {
      "type": "Feature",
      "properties": {
        "@id": "node/13062529013",
        "bus": "yes",
        "highway": "bus_stop",
        "name": "Paradero Va y Ven: Corralón Canek_1403",
        "public_transport": "platform"
      },
      "geometry": {
        "type": "Point",
        "coordinates": [
          -89.667152,
          20.991658
        ]
      },
      "id": "node/13062529013"
    },
    {
      "type": "Feature",
      "properties": {
        "@id": "node/13062529014",
        "bus": "yes",
        "highway": "bus_stop",
        "name": "Paradero Va y Ven: Av. Jacinto Canek x 140 Fracc. Yucalpetèn_1402",
        "public_transport": "platform"
      },
      "geometry": {
        "type": "Point",
        "coordinates": [
          -89.6693864,
          20.9929333
        ]
      },
      "id": "node/13062529014"
    },
    {
      "type": "Feature",
      "properties": {
        "@id": "node/13062529015",
        "bus": "yes",
        "highway": "bus_stop",
        "name": "Paradero Va y Ven: Carl's Jr. Ciudad Caucel_1399",
        "public_transport": "platform"
      },
      "geometry": {
        "type": "Point",
        "coordinates": [
          -89.680329,
          20.999801
        ]
      },
      "id": "node/13062529015"
    },
    {
      "type": "Feature",
      "properties": {
        "@id": "node/13062529016",
        "bus": "yes",
        "highway": "bus_stop",
        "name": "Paradero Va y Ven: Av. 59 x Av. San Pedro Fracc. La Ciudadela_1398",
        "public_transport": "platform"
      },
      "geometry": {
        "type": "Point",
        "coordinates": [
          -89.683248,
          21.001629
        ]
      },
      "id": "node/13062529016"
    },
    {
      "type": "Feature",
      "properties": {
        "@id": "node/13062529017",
        "bus": "yes",
        "highway": "bus_stop",
        "name": "Paradero Va y Ven: C-62 x 25 Fracc. Ciudad Caucel_1523",
        "public_transport": "platform"
      },
      "geometry": {
        "type": "Point",
        "coordinates": [
          -89.687083,
          21.002688
        ]
      },
      "id": "node/13062529017"
    },
    {
      "type": "Feature",
      "properties": {
        "@id": "node/13062529018",
        "bus": "yes",
        "highway": "bus_stop",
        "name": "Paradero Va y Ven: C-62 x 37 Fracc. Ciudad Caucel_1522",
        "public_transport": "platform"
      },
      "geometry": {
        "type": "Point",
        "coordinates": [
          -89.688938,
          20.99939
        ]
      },
      "id": "node/13062529018"
    },
    {
      "type": "Feature",
      "properties": {
        "@id": "node/13062529019",
        "bus": "yes",
        "highway": "bus_stop",
        "name": "Paradero Va y Ven: C-60 x 59 Fracc. Ciudad Caucel_1520",
        "public_transport": "platform"
      },
      "geometry": {
        "type": "Point",
        "coordinates": [
          -89.6893899,
          20.9951835
        ]
      },
      "id": "node/13062529019"
    },
    {
      "type": "Feature",
      "properties": {
        "@id": "node/13062529020",
        "bus": "yes",
        "highway": "bus_stop",
        "name": "Paradero Va y Ven: Parque Arqueo-Botánico Anikabil_1519",
        "public_transport": "platform"
      },
      "geometry": {
        "type": "Point",
        "coordinates": [
          -89.69043,
          20.990916
        ]
      },
      "id": "node/13062529020"
    },
    {
      "type": "Feature",
      "properties": {
        "@id": "node/13062529021",
        "bus": "yes",
        "highway": "bus_stop",
        "name": "Paradero Va y Ven: C-60 x 83 Fracc. Ciudad Caucel_1518",
        "public_transport": "platform"
      },
      "geometry": {
        "type": "Point",
        "coordinates": [
          -89.6909403,
          20.9880502
        ]
      },
      "id": "node/13062529021"
    },
    {
      "type": "Feature",
      "properties": {
        "@id": "node/13062529022",
        "bus": "yes",
        "highway": "bus_stop",
        "name": "Paradero Va y Ven: C-60 x 87 Fracc. Ciudad Caucel_1501",
        "public_transport": "platform"
      },
      "geometry": {
        "type": "Point",
        "coordinates": [
          -89.6913696,
          20.9875797
        ]
      },
      "id": "node/13062529022"
    },
    {
      "type": "Feature",
      "properties": {
        "@id": "node/13062529023",
        "bus": "yes",
        "highway": "bus_stop",
        "name": "Paradero Va y Ven: C-60 x 71 Fracc. Ciudad Caucel_1500",
        "public_transport": "platform"
      },
      "geometry": {
        "type": "Point",
        "coordinates": [
          -89.69064,
          20.991374
        ]
      },
      "id": "node/13062529023"
    },
    {
      "type": "Feature",
      "properties": {
        "@id": "node/13062529024",
        "bus": "yes",
        "highway": "bus_stop",
        "name": "Paradero Va y Ven: C-60 x 57 Fracc. Ciudad Caucel_1499",
        "public_transport": "platform"
      },
      "geometry": {
        "type": "Point",
        "coordinates": [
          -89.689476,
          20.9951923
        ]
      },
      "id": "node/13062529024"
    },
    {
      "type": "Feature",
      "properties": {
        "@id": "node/13062529025",
        "bus": "yes",
        "highway": "bus_stop",
        "name": "Paradero Va y Ven: C-62 x 39-A Fracc. Pedregales_1498",
        "public_transport": "platform"
      },
      "geometry": {
        "type": "Point",
        "coordinates": [
          -89.689274,
          20.999367
        ]
      },
      "id": "node/13062529025"
    },
    {
      "type": "Feature",
      "properties": {
        "@id": "node/13062529026",
        "bus": "yes",
        "highway": "bus_stop",
        "name": "Paradero Va y Ven: Pollo Brujo C-62 Ciudad Caucel_1497",
        "public_transport": "platform"
      },
      "geometry": {
        "type": "Point",
        "coordinates": [
          -89.6885374,
          21.0006861
        ]
      },
      "id": "node/13062529026"
    },
    {
      "type": "Feature",
      "properties": {
        "@id": "node/13062529027",
        "bus": "yes",
        "highway": "bus_stop",
        "name": "Paradero Va y Ven: C-62 x 27 Fracc. Ciudad Caucel_1496",
        "public_transport": "platform"
      },
      "geometry": {
        "type": "Point",
        "coordinates": [
          -89.68714,
          21.003166
        ]
      },
      "id": "node/13062529027"
    },
    {
      "type": "Feature",
      "properties": {
        "@id": "node/13062529028",
        "bus": "yes",
        "highway": "bus_stop",
        "name": "Paradero Va y Ven: Av. 59 x Av. Gran Santa Fé Fracc. Gran Santa Fé_1372",
        "public_transport": "platform"
      },
      "geometry": {
        "type": "Point",
        "coordinates": [
          -89.683224,
          21.001918
        ]
      },
      "id": "node/13062529028"
    },
    {
      "type": "Feature",
      "properties": {
        "@id": "node/13062529029",
        "bus": "yes",
        "highway": "bus_stop",
        "name": "Paradero Va y Ven: Carl's Jr. Ciudad Caucel_1371",
        "public_transport": "platform"
      },
      "geometry": {
        "type": "Point",
        "coordinates": [
          -89.680735,
          21.00036
        ]
      },
      "id": "node/13062529029"
    },
    {
      "type": "Feature",
      "properties": {
        "@id": "node/13062529030",
        "bus": "yes",
        "highway": "bus_stop",
        "name": "Paradero Va y Ven: Av Jacinto Canek x 134-A_1368",
        "public_transport": "platform"
      },
      "geometry": {
        "type": "Point",
        "coordinates": [
          -89.6690052,
          20.9930486
        ]
      },
      "id": "node/13062529030"
    },
    {
      "type": "Feature",
      "properties": {
        "@id": "node/13062529031",
        "bus": "yes",
        "highway": "bus_stop",
        "name": "Paradero Va y Ven: Corralón Canek_1367",
        "public_transport": "platform"
      },
      "geometry": {
        "type": "Point",
        "coordinates": [
          -89.667756,
          20.992267
        ]
      },
      "id": "node/13062529031"
    },
    {
      "type": "Feature",
      "properties": {
        "@id": "node/13062529032",
        "bus": "yes",
        "highway": "bus_stop",
        "name": "Paradero Va y Ven: Plaza Canek_1339",
        "public_transport": "platform"
      },
      "geometry": {
        "type": "Point",
        "coordinates": [
          -89.662638,
          20.989161
        ]
      },
      "id": "node/13062529032"
    },
    {
      "type": "Feature",
      "properties": {
        "@id": "node/13062529033",
        "bus": "yes",
        "highway": "bus_stop",
        "name": "Paradero Va y Ven: Plaza Paseo Canek_1338",
        "public_transport": "platform"
      },
      "geometry": {
        "type": "Point",
        "coordinates": [
          -89.660684,
          20.987847
        ]
      },
      "id": "node/13062529033"
    },
    {
      "type": "Feature",
      "properties": {
        "@id": "node/13062529034",
        "bus": "yes",
        "highway": "bus_stop",
        "name": "Paradero Va y Ven: The Home Depot Canek_1337",
        "public_transport": "platform"
      },
      "geometry": {
        "type": "Point",
        "coordinates": [
          -89.6592102,
          20.9869577
        ]
      },
      "id": "node/13062529034"
    },
    {
      "type": "Feature",
      "properties": {
        "@id": "node/13062529035",
        "bus": "yes",
        "highway": "bus_stop",
        "name": "Paradero Va y Ven: Atlantida_1335",
        "public_transport": "platform"
      },
      "geometry": {
        "type": "Point",
        "coordinates": [
          -89.6551645,
          20.9845262
        ]
      },
      "id": "node/13062529035"
    },
    {
      "type": "Feature",
      "properties": {
        "@id": "node/13062529036",
        "bus": "yes",
        "highway": "bus_stop",
        "name": "Paradero Va y Ven: UPP_1407",
        "public_transport": "platform"
      },
      "geometry": {
        "type": "Point",
        "coordinates": [
          -89.65118,
          20.981791
        ]
      },
      "id": "node/13062529036"
    },
    {
      "type": "Feature",
      "properties": {
        "@id": "node/13062529037",
        "bus": "yes",
        "highway": "bus_stop",
        "name": "Paradero Va y Ven: Av. Jacinto Canek x Circuito Colonias_1349",
        "public_transport": "platform"
      },
      "geometry": {
        "type": "Point",
        "coordinates": [
          -89.654354,
          20.983738
        ]
      },
      "id": "node/13062529037"
    },
    {
      "type": "Feature",
      "properties": {
        "@id": "node/13062529038",
        "bus": "yes",
        "highway": "bus_stop",
        "name": "Paradero Va y Ven: UPP_1366",
        "public_transport": "platform"
      },
      "geometry": {
        "type": "Point",
        "coordinates": [
          -89.650922,
          20.981883
        ]
      },
      "id": "node/13062529038"
    },
    {
      "type": "Feature",
      "properties": {
        "@id": "node/13062529039",
        "bus": "yes",
        "highway": "bus_stop",
        "name": "Paradero Va y Ven: C-64-A x 97 Fracc. Ciudad Caucel_1514",
        "public_transport": "platform"
      },
      "geometry": {
        "type": "Point",
        "coordinates": [
          -89.6962137,
          20.986067
        ]
      },
      "id": "node/13062529039"
    },
    {
      "type": "Feature",
      "properties": {
        "@id": "node/13062529040",
        "bus": "yes",
        "highway": "bus_stop",
        "name": "Paradero Va y Ven: C-64 x 87 Fracc. Ciudad Caucel_1513",
        "public_transport": "platform"
      },
      "geometry": {
        "type": "Point",
        "coordinates": [
          -89.69576,
          20.988494
        ]
      },
      "id": "node/13062529040"
    },
    {
      "type": "Feature",
      "properties": {
        "@id": "node/13062529041",
        "bus": "yes",
        "highway": "bus_stop",
        "name": "Paradero Va y Ven: C-64-A x 73 Fracc. Ciudad Caucel_1512",
        "public_transport": "platform"
      },
      "geometry": {
        "type": "Point",
        "coordinates": [
          -89.695136,
          20.991781
        ]
      },
      "id": "node/13062529041"
    },
    {
      "type": "Feature",
      "properties": {
        "@id": "node/13062529042",
        "bus": "yes",
        "highway": "bus_stop",
        "name": "Paradero Va y Ven: Esc Sec N° 15 Sara Molina Font_1511",
        "public_transport": "platform"
      },
      "geometry": {
        "type": "Point",
        "coordinates": [
          -89.6938586,
          20.9942605
        ]
      },
      "id": "node/13062529042"
    },
    {
      "type": "Feature",
      "properties": {
        "@id": "node/13062529043",
        "bus": "yes",
        "highway": "bus_stop",
        "name": "Paradero Va y Ven: Esc Sec Nº 15 Sara Molina Font C-59 Ciudad Caucel_1510",
        "public_transport": "platform"
      },
      "geometry": {
        "type": "Point",
        "coordinates": [
          -89.6938956,
          20.9949137
        ]
      },
      "id": "node/13062529043"
    },
    {
      "type": "Feature",
      "properties": {
        "@id": "node/13062529044",
        "bus": "yes",
        "highway": "bus_stop",
        "name": "Paradero Va y Ven: C-59 x Glorieta Central Ciudad Caucel_1509",
        "public_transport": "platform"
      },
      "geometry": {
        "type": "Point",
        "coordinates": [
          -89.6962685,
          20.9951481
        ]
      },
      "id": "node/13062529044"
    },
    {
      "type": "Feature",
      "properties": {
        "@id": "node/13062529045",
        "bus": "yes",
        "highway": "bus_stop",
        "name": "Paradero Va y Ven: Bodega Aurrera Ciudad Caucel_1441",
        "public_transport": "platform"
      },
      "geometry": {
        "type": "Point",
        "coordinates": [
          -89.698469,
          20.99589
        ]
      },
      "id": "node/13062529045"
    },
    {
      "type": "Feature",
      "properties": {
        "@id": "node/13062529046",
        "bus": "yes",
        "highway": "bus_stop",
        "name": "Paradero Va y Ven: C-59 x 88 Fracc. Los Almendros_1440",
        "public_transport": "platform"
      },
      "geometry": {
        "type": "Point",
        "coordinates": [
          -89.704342,
          20.996862
        ]
      },
      "id": "node/13062529046"
    },
    {
      "type": "Feature",
      "properties": {
        "@id": "node/13062529047",
        "bus": "yes",
        "highway": "bus_stop",
        "name": "Paradero Va y Ven: Chedraui C-59 Ciudad Caucel_1439",
        "public_transport": "platform"
      },
      "geometry": {
        "type": "Point",
        "coordinates": [
          -89.709192,
          20.997679
        ]
      },
      "id": "node/13062529047"
    },
    {
      "type": "Feature",
      "properties": {
        "@id": "node/13062529048",
        "bus": "yes",
        "highway": "bus_stop",
        "name": "Paradero Va y Ven: C-59 x 100 Fracc. Ciudad Caucel_1438",
        "public_transport": "platform"
      },
      "geometry": {
        "type": "Point",
        "coordinates": [
          -89.713271,
          20.998354
        ]
      },
      "id": "node/13062529048"
    },
    {
      "type": "Feature",
      "properties": {
        "@id": "node/13062529049",
        "bus": "yes",
        "highway": "bus_stop",
        "name": "Paradero Va y Ven: C-59 x 104 Fracc. Ciudad Caucel_1437",
        "public_transport": "platform"
      },
      "geometry": {
        "type": "Point",
        "coordinates": [
          -89.7160404,
          20.9987481
        ]
      },
      "id": "node/13062529049"
    },
    {
      "type": "Feature",
      "properties": {
        "@id": "node/13062529050",
        "bus": "yes",
        "highway": "bus_stop",
        "name": "Paradero Va y Ven: Prepa 10_1421",
        "public_transport": "platform"
      },
      "geometry": {
        "type": "Point",
        "coordinates": [
          -89.716644,
          20.999357
        ]
      },
      "id": "node/13062529050"
    },
    {
      "type": "Feature",
      "properties": {
        "@id": "node/13062529051",
        "bus": "yes",
        "highway": "bus_stop",
        "name": "Paradero Va y Ven: C-59 x 100 Fracc. Ciudad Caucel_1420",
        "public_transport": "platform"
      },
      "geometry": {
        "type": "Point",
        "coordinates": [
          -89.712392,
          20.998639
        ]
      },
      "id": "node/13062529051"
    },
    {
      "type": "Feature",
      "properties": {
        "@id": "node/13062529052",
        "bus": "yes",
        "highway": "bus_stop",
        "name": "Paradero Va y Ven: Chedraui C-59 Ciudad Caucel_1419",
        "public_transport": "platform"
      },
      "geometry": {
        "type": "Point",
        "coordinates": [
          -89.70866,
          20.998012
        ]
      },
      "id": "node/13062529052"
    },
    {
      "type": "Feature",
      "properties": {
        "@id": "node/13062529053",
        "bus": "yes",
        "highway": "bus_stop",
        "name": "Paradero Va y Ven: C-59 x 90 Fracc. Ciudad Caucel_1418",
        "public_transport": "platform"
      },
      "geometry": {
        "type": "Point",
        "coordinates": [
          -89.7051779,
          20.9974205
        ]
      },
      "id": "node/13062529053"
    },
    {
      "type": "Feature",
      "properties": {
        "@id": "node/13062529054",
        "bus": "yes",
        "highway": "bus_stop",
        "name": "Paradero Va y Ven: C-59 x 88 Fracc. Los Almendros_1417",
        "public_transport": "platform"
      },
      "geometry": {
        "type": "Point",
        "coordinates": [
          -89.703414,
          20.99713
        ]
      },
      "id": "node/13062529054"
    },
    {
      "type": "Feature",
      "properties": {
        "@id": "node/13062529055",
        "bus": "yes",
        "highway": "bus_stop",
        "name": "Paradero Va y Ven: Bodega Aurrera Ciudad Caucel_1416",
        "public_transport": "platform"
      },
      "geometry": {
        "type": "Point",
        "coordinates": [
          -89.698342,
          20.99628
        ]
      },
      "id": "node/13062529055"
    },
    {
      "type": "Feature",
      "properties": {
        "@id": "node/13062529056",
        "bus": "yes",
        "highway": "bus_stop",
        "name": "Paradero Va y Ven: C-59 x Glorieta Central Ciudad Caucel_1508",
        "public_transport": "platform"
      },
      "geometry": {
        "type": "Point",
        "coordinates": [
          -89.6960582,
          20.9954831
        ]
      },
      "id": "node/13062529056"
    },
    {
      "type": "Feature",
      "properties": {
        "@id": "node/13062529057",
        "bus": "yes",
        "highway": "bus_stop",
        "name": "Paradero Va y Ven: Esc Sec N° 15 Sara Molina Font_1507",
        "public_transport": "platform"
      },
      "geometry": {
        "type": "Point",
        "coordinates": [
          -89.693228,
          20.995269
        ]
      },
      "id": "node/13062529057"
    },
    {
      "type": "Feature",
      "properties": {
        "@id": "node/13062529058",
        "bus": "yes",
        "highway": "bus_stop",
        "name": "Paradero Va y Ven: C-64-A x 67 Fracc. Ciudad Caucel_1506",
        "public_transport": "platform"
      },
      "geometry": {
        "type": "Point",
        "coordinates": [
          -89.694131,
          20.993593
        ]
      },
      "id": "node/13062529058"
    },
    {
      "type": "Feature",
      "properties": {
        "@id": "node/13062529059",
        "bus": "yes",
        "highway": "bus_stop",
        "name": "Paradero Va y Ven: C-64-A x 79 Fracc. Ciudad Caucel_1505",
        "public_transport": "platform"
      },
      "geometry": {
        "type": "Point",
        "coordinates": [
          -89.695408,
          20.98979
        ]
      },
      "id": "node/13062529059"
    },
    {
      "type": "Feature",
      "properties": {
        "@id": "node/13062529061",
        "bus": "yes",
        "highway": "bus_stop",
        "name": "Paradero Va y Ven: C-105 x 64 Fracc. Ciudad Caucel_1515",
        "public_transport": "platform"
      },
      "geometry": {
        "type": "Point",
        "coordinates": [
          -89.6952696,
          20.9838276
        ]
      },
      "id": "node/13062529061"
    },
    {
      "type": "Feature",
      "properties": {
        "@id": "node/13062529062",
        "bus": "yes",
        "highway": "bus_stop",
        "name": "Paradero Va y Ven: C-107 x 64 Fracc. Ciudad Caucel_1503",
        "public_transport": "platform"
      },
      "geometry": {
        "type": "Point",
        "coordinates": [
          -89.694996,
          20.9833868
        ]
      },
      "id": "node/13062529062"
    },
    {
      "type": "Feature",
      "properties": {
        "@id": "node/13062797980",
        "bus": "yes",
        "highway": "bus_stop",
        "name": "Paradero Va y Ven: C-49-A x 62 Fracc. Ciudad Caucel_1521",
        "public_transport": "platform"
      },
      "geometry": {
        "type": "Point",
        "coordinates": [
          -89.6915084,
          20.9963373
        ]
      },
      "id": "node/13062797980"
    },
    {
      "type": "Feature",
      "properties": {
        "@id": "node/13449142429",
        "bus": "yes",
        "departures_board": "timetable",
        "highway": "bus_stop",
        "name": "Avenida Lusitania Plaza de los Escritores",
        "operator": "Vectalia Mérida",
        "public_transport": "platform",
        "ref": "1008"
      },
      "geometry": {
        "type": "Point",
        "coordinates": [
          -6.3337657,
          38.9120383
        ]
      },
      "id": "node/13449142429"
    },
    {
      "type": "Feature",
      "properties": {
        "@id": "node/13449142430",
        "bus": "yes",
        "highway": "bus_stop",
        "name": "Calle Octavio Augusto",
        "operator": "Vectalia Mérida",
        "public_transport": "platform",
        "ref": "1010",
        "shelter": "no"
      },
      "geometry": {
        "type": "Point",
        "coordinates": [
          -6.3322246,
          38.9141191
        ]
      },
      "id": "node/13449142430"
    },
    {
      "type": "Feature",
      "properties": {
        "@id": "node/13449142431",
        "bus": "yes",
        "highway": "bus_stop",
        "name": "Avenida Reina Sofía Colegio Salesianos",
        "operator": "Vectalia Mérida",
        "public_transport": "platform",
        "ref": "1012"
      },
      "geometry": {
        "type": "Point",
        "coordinates": [
          -6.3302205,
          38.9170065
        ]
      },
      "id": "node/13449142431"
    },
    {
      "type": "Feature",
      "properties": {
        "@id": "node/13449142432",
        "bus": "yes",
        "highway": "bus_stop",
        "name": "Avenida Juan Carlos I 1ª",
        "operator": "Vectalia Mérida",
        "public_transport": "platform",
        "ref": "1014"
      },
      "geometry": {
        "type": "Point",
        "coordinates": [
          -6.3282773,
          38.923727
        ]
      },
      "id": "node/13449142432"
    },
    {
      "type": "Feature",
      "properties": {
        "@id": "node/13841786101",
        "highway": "bus_stop"
      },
      "geometry": {
        "type": "Point",
        "coordinates": [
          -71.0654445,
          8.7451414
        ]
      },
      "id": "node/13841786101"
    },
    {
      "type": "Feature",
      "properties": {
        "@id": "node/13849395005",
        "highway": "bus_stop",
        "name": "Parada Puente"
      },
      "geometry": {
        "type": "Point",
        "coordinates": [
          -70.9229318,
          8.7480126
        ]
      },
      "id": "node/13849395005"
    },
    {
      "type": "Feature",
      "properties": {
        "@id": "node/13937965901",
        "bus": "yes",
        "highway": "bus_stop",
        "name": "Parada Va y Ven: Calle 54 x89 y 89A Centro",
        "public_transport": "platform"
      },
      "geometry": {
        "type": "Point",
        "coordinates": [
          -89.6232368,
          20.9482766
        ]
      },
      "id": "node/13937965901"
    }
  ]
}